id,label
Robert Downey Jr_87.jpg,Robert Downey Jr
Lisa Kudrow_64.jpg,Lisa Kudrow
Ellen Degeneres_34.jpg,Ellen Degeneres
Billie Eilish_3.jpg,Billie Eilish
Hrithik Roshan_35.jpg,Hrithik Roshan
Vijay Deverakonda_39.jpg,Vijay Deverakonda
Tom Cruise_21.jpg,Tom Cruise
Alia Bhatt_41.jpg,Alia Bhatt
Elizabeth Olsen_36.jpg,Elizabeth Olsen
Charlize Theron_29.jpg,Charlize Theron
Natalie Portman_74.jpg,Natalie Portman
Priyanka Chopra_6.jpg,Priyanka Chopra
Priyanka Chopra_73.jpg,Priyanka Chopra
Natalie Portman_99.jpg,Natalie Portman
Zac Efron_6.jpg,Zac Efron
Marmik_5.jpg,Marmik
Camila Cabello_9.jpg,Camila Cabello
Elizabeth Olsen_23.jpg,Elizabeth Olsen
Claire Holt_28.jpg,Claire Holt
Brad Pitt_85.jpg,Brad Pitt
Ellen Degeneres_67.jpg,Ellen Degeneres
Anushka Sharma_48.jpg,Anushka Sharma
Zac Efron_52.jpg,Zac Efron
Lisa Kudrow_18.jpg,Lisa Kudrow
Elizabeth Olsen_43.jpg,Elizabeth Olsen
Lisa Kudrow_2.jpg,Lisa Kudrow
Priyanka Chopra_72.jpg,Priyanka Chopra
Natalie Portman_21.jpg,Natalie Portman
Marmik_14.jpg,Marmik
Claire Holt_92.jpg,Claire Holt
Roger Federer_37.jpg,Roger Federer
Brad Pitt_72.jpg,Brad Pitt
Akshay Kumar_49.jpg,Akshay Kumar
Robert Downey Jr_73.jpg,Robert Downey Jr
Zac Efron_9.jpg,Zac Efron
Alexandra Daddario_3.jpg,Alexandra Daddario
Alia Bhatt_56.jpg,Alia Bhatt
Hugh Jackman_61.jpg,Hugh Jackman
Camila Cabello_75.jpg,Camila Cabello
Anushka Sharma_61.jpg,Anushka Sharma
Vijay Deverakonda_68.jpg,Vijay Deverakonda
Ellen Degeneres_72.jpg,Ellen Degeneres
Andy Samberg_75.jpg,Andy Samberg
Vijay Deverakonda_33.jpg,Vijay Deverakonda
Alexandra Daddario_14.jpg,Alexandra Daddario
Hrithik Roshan_84.jpg,Hrithik Roshan
Margot Robbie_5.jpg,Margot Robbie
Margot Robbie_69.jpg,Margot Robbie
Hrithik Roshan_45.jpg,Hrithik Roshan
Anushka Sharma_5.jpg,Anushka Sharma
Andy Samberg_74.jpg,Andy Samberg
Courtney Cox_49.jpg,Courtney Cox
Natalie Portman_92.jpg,Natalie Portman
Charlize Theron_36.jpg,Charlize Theron
Anushka Sharma_33.jpg,Anushka Sharma
Elizabeth Olsen_54.jpg,Elizabeth Olsen
Robert Downey Jr_19.jpg,Robert Downey Jr
Camila Cabello_84.jpg,Camila Cabello
Ellen Degeneres_22.jpg,Ellen Degeneres
Dwayne Johnson_17.jpg,Dwayne Johnson
Claire Holt_0.jpg,Claire Holt
Amitabh Bachchan_64.jpg,Amitabh Bachchan
Henry Cavill_83.jpg,Henry Cavill
Anushka Sharma_27.jpg,Anushka Sharma
Hrithik Roshan_14.jpg,Hrithik Roshan
Priyanka Chopra_43.jpg,Priyanka Chopra
Hrithik Roshan_100.jpg,Hrithik Roshan
Courtney Cox_78.jpg,Courtney Cox
Amitabh Bachchan_31.jpg,Amitabh Bachchan
Alexandra Daddario_27.jpg,Alexandra Daddario
Henry Cavill_77.jpg,Henry Cavill
Tom Cruise_11.jpg,Tom Cruise
Amitabh Bachchan_25.jpg,Amitabh Bachchan
Courtney Cox_56.jpg,Courtney Cox
Andy Samberg_35.jpg,Andy Samberg
Alia Bhatt_50.jpg,Alia Bhatt
Brad Pitt_115.jpg,Brad Pitt
Henry Cavill_21.jpg,Henry Cavill
Roger Federer_16.jpg,Roger Federer
Camila Cabello_70.jpg,Camila Cabello
Hrithik Roshan_80.jpg,Hrithik Roshan
Roger Federer_76.jpg,Roger Federer
Virat Kohli_7.jpg,Virat Kohli
Dwayne Johnson_27.jpg,Dwayne Johnson
Claire Holt_56.jpg,Claire Holt
Brad Pitt_95.jpg,Brad Pitt
Billie Eilish_57.jpg,Billie Eilish
Akshay Kumar_48.jpg,Akshay Kumar
Claire Holt_54.jpg,Claire Holt
Brad Pitt_32.jpg,Brad Pitt
Zac Efron_38.jpg,Zac Efron
Charlize Theron_43.jpg,Charlize Theron
Henry Cavill_9.jpg,Henry Cavill
Hrithik Roshan_91.jpg,Hrithik Roshan
Brad Pitt_82.jpg,Brad Pitt
Zac Efron_87.jpg,Zac Efron
Priyanka Chopra_81.jpg,Priyanka Chopra
Hrithik Roshan_99.jpg,Hrithik Roshan
Hrithik Roshan_66.jpg,Hrithik Roshan
Lisa Kudrow_43.jpg,Lisa Kudrow
Zac Efron_55.jpg,Zac Efron
Zac Efron_11.jpg,Zac Efron
Vijay Deverakonda_59.jpg,Vijay Deverakonda
Priyanka Chopra_98.jpg,Priyanka Chopra
Jessica Alba_21.jpg,Jessica Alba
Natalie Portman_6.jpg,Natalie Portman
Tom Cruise_18.jpg,Tom Cruise
Zac Efron_12.jpg,Zac Efron
Andy Samberg_11.jpg,Andy Samberg
Hrithik Roshan_73.jpg,Hrithik Roshan
Ellen Degeneres_48.jpg,Ellen Degeneres
Margot Robbie_45.jpg,Margot Robbie
Billie Eilish_79.jpg,Billie Eilish
Roger Federer_24.jpg,Roger Federer
Robert Downey Jr_105.jpg,Robert Downey Jr
Jessica Alba_72.jpg,Jessica Alba
Henry Cavill_95.jpg,Henry Cavill
Roger Federer_53.jpg,Roger Federer
Alia Bhatt_39.jpg,Alia Bhatt
Brad Pitt_97.jpg,Brad Pitt
Amitabh Bachchan_2.jpg,Amitabh Bachchan
Billie Eilish_17.jpg,Billie Eilish
Charlize Theron_32.jpg,Charlize Theron
Brad Pitt_3.jpg,Brad Pitt
Priyanka Chopra_55.jpg,Priyanka Chopra
Elizabeth Olsen_52.jpg,Elizabeth Olsen
Brad Pitt_108.jpg,Brad Pitt
Amitabh Bachchan_70.jpg,Amitabh Bachchan
Robert Downey Jr_59.jpg,Robert Downey Jr
Natalie Portman_58.jpg,Natalie Portman
Claire Holt_34.jpg,Claire Holt
Billie Eilish_7.jpg,Billie Eilish
Brad Pitt_34.jpg,Brad Pitt
Marmik_26.jpg,Marmik
Alia Bhatt_58.jpg,Alia Bhatt
Charlize Theron_51.jpg,Charlize Theron
Lisa Kudrow_56.jpg,Lisa Kudrow
Courtney Cox_47.jpg,Courtney Cox
Priyanka Chopra_23.jpg,Priyanka Chopra
Andy Samberg_62.jpg,Andy Samberg
Alexandra Daddario_48.jpg,Alexandra Daddario
Natalie Portman_60.jpg,Natalie Portman
Claire Holt_40.jpg,Claire Holt
Billie Eilish_9.jpg,Billie Eilish
Alia Bhatt_71.jpg,Alia Bhatt
Alexandra Daddario_85.jpg,Alexandra Daddario
Vijay Deverakonda_27.jpg,Vijay Deverakonda
Charlize Theron_1.jpg,Charlize Theron
Andy Samberg_1.jpg,Andy Samberg
Vijay Deverakonda_41.jpg,Vijay Deverakonda
Alia Bhatt_37.jpg,Alia Bhatt
Hrithik Roshan_86.jpg,Hrithik Roshan
Hugh Jackman_86.jpg,Hugh Jackman
Roger Federer_56.jpg,Roger Federer
Brad Pitt_62.jpg,Brad Pitt
Hrithik Roshan_62.jpg,Hrithik Roshan
Lisa Kudrow_3.jpg,Lisa Kudrow
Tom Cruise_19.jpg,Tom Cruise
Ellen Degeneres_13.jpg,Ellen Degeneres
Ellen Degeneres_38.jpg,Ellen Degeneres
Priyanka Chopra_76.jpg,Priyanka Chopra
Alia Bhatt_34.jpg,Alia Bhatt
Charlize Theron_71.jpg,Charlize Theron
Henry Cavill_49.jpg,Henry Cavill
Alia Bhatt_70.jpg,Alia Bhatt
Robert Downey Jr_11.jpg,Robert Downey Jr
Lisa Kudrow_67.jpg,Lisa Kudrow
Hrithik Roshan_53.jpg,Hrithik Roshan
Natalie Portman_102.jpg,Natalie Portman
Natalie Portman_44.jpg,Natalie Portman
Ellen Degeneres_50.jpg,Ellen Degeneres
Robert Downey Jr_27.jpg,Robert Downey Jr
Courtney Cox_67.jpg,Courtney Cox
Jessica Alba_41.jpg,Jessica Alba
Vijay Deverakonda_29.jpg,Vijay Deverakonda
Billie Eilish_48.jpg,Billie Eilish
Amitabh Bachchan_43.jpg,Amitabh Bachchan
Virat Kohli_5.jpg,Virat Kohli
Margot Robbie_28.jpg,Margot Robbie
Roger Federer_14.jpg,Roger Federer
Camila Cabello_83.jpg,Camila Cabello
Hugh Jackman_74.jpg,Hugh Jackman
Alia Bhatt_32.jpg,Alia Bhatt
Jessica Alba_70.jpg,Jessica Alba
Robert Downey Jr_64.jpg,Robert Downey Jr
Courtney Cox_72.jpg,Courtney Cox
Vijay Deverakonda_53.jpg,Vijay Deverakonda
Robert Downey Jr_45.jpg,Robert Downey Jr
Camila Cabello_13.jpg,Camila Cabello
Courtney Cox_73.jpg,Courtney Cox
Roger Federer_1.jpg,Roger Federer
Margot Robbie_26.jpg,Margot Robbie
Ellen Degeneres_68.jpg,Ellen Degeneres
Ellen Degeneres_11.jpg,Ellen Degeneres
Elizabeth Olsen_44.jpg,Elizabeth Olsen
Vijay Deverakonda_38.jpg,Vijay Deverakonda
Alexandra Daddario_64.jpg,Alexandra Daddario
Margot Robbie_34.jpg,Margot Robbie
Margot Robbie_23.jpg,Margot Robbie
Zac Efron_20.jpg,Zac Efron
Natalie Portman_22.jpg,Natalie Portman
Priyanka Chopra_21.jpg,Priyanka Chopra
Margot Robbie_21.jpg,Margot Robbie
Camila Cabello_33.jpg,Camila Cabello
Claire Holt_1.jpg,Claire Holt
Charlize Theron_33.jpg,Charlize Theron
Jessica Alba_80.jpg,Jessica Alba
Hrithik Roshan_77.jpg,Hrithik Roshan
Elizabeth Olsen_65.jpg,Elizabeth Olsen
Zac Efron_59.jpg,Zac Efron
Anushka Sharma_52.jpg,Anushka Sharma
Camila Cabello_29.jpg,Camila Cabello
Zac Efron_86.jpg,Zac Efron
Tom Cruise_31.jpg,Tom Cruise
Vijay Deverakonda_55.jpg,Vijay Deverakonda
Alia Bhatt_72.jpg,Alia Bhatt
Priyanka Chopra_13.jpg,Priyanka Chopra
Hrithik Roshan_37.jpg,Hrithik Roshan
Lisa Kudrow_7.jpg,Lisa Kudrow
Camila Cabello_58.jpg,Camila Cabello
Zac Efron_33.jpg,Zac Efron
Vijay Deverakonda_101.jpg,Vijay Deverakonda
Jessica Alba_2.jpg,Jessica Alba
Hugh Jackman_98.jpg,Hugh Jackman
Anushka Sharma_53.jpg,Anushka Sharma
Hugh Jackman_31.jpg,Hugh Jackman
Robert Downey Jr_51.jpg,Robert Downey Jr
Alia Bhatt_78.jpg,Alia Bhatt
Jessica Alba_12.jpg,Jessica Alba
Henry Cavill_90.jpg,Henry Cavill
Ellen Degeneres_30.jpg,Ellen Degeneres
Vijay Deverakonda_96.jpg,Vijay Deverakonda
Brad Pitt_52.jpg,Brad Pitt
Ellen Degeneres_0.jpg,Ellen Degeneres
Courtney Cox_5.jpg,Courtney Cox
Camila Cabello_15.jpg,Camila Cabello
Priyanka Chopra_91.jpg,Priyanka Chopra
Hrithik Roshan_90.jpg,Hrithik Roshan
Tom Cruise_15.jpg,Tom Cruise
Robert Downey Jr_0.jpg,Robert Downey Jr
Natalie Portman_81.jpg,Natalie Portman
Elizabeth Olsen_29.jpg,Elizabeth Olsen
Virat Kohli_14.jpg,Virat Kohli
Charlize Theron_13.jpg,Charlize Theron
Anushka Sharma_40.jpg,Anushka Sharma
Marmik_20.jpg,Marmik
Courtney Cox_68.jpg,Courtney Cox
Tom Cruise_17.jpg,Tom Cruise
Andy Samberg_32.jpg,Andy Samberg
Amitabh Bachchan_39.jpg,Amitabh Bachchan
Priyanka Chopra_2.jpg,Priyanka Chopra
Hugh Jackman_4.jpg,Hugh Jackman
Vijay Deverakonda_97.jpg,Vijay Deverakonda
Alexandra Daddario_1.jpg,Alexandra Daddario
Tom Cruise_40.jpg,Tom Cruise
Robert Downey Jr_50.jpg,Robert Downey Jr
Jessica Alba_67.jpg,Jessica Alba
Zac Efron_15.jpg,Zac Efron
Roger Federer_67.jpg,Roger Federer
Alexandra Daddario_50.jpg,Alexandra Daddario
Amitabh Bachchan_36.jpg,Amitabh Bachchan
Priyanka Chopra_75.jpg,Priyanka Chopra
Hugh Jackman_65.jpg,Hugh Jackman
Brad Pitt_43.jpg,Brad Pitt
Margot Robbie_49.jpg,Margot Robbie
Courtney Cox_36.jpg,Courtney Cox
Natalie Portman_57.jpg,Natalie Portman
Margot Robbie_16.jpg,Margot Robbie
Anushka Sharma_50.jpg,Anushka Sharma
Dwayne Johnson_46.jpg,Dwayne Johnson
Claire Holt_93.jpg,Claire Holt
Tom Cruise_51.jpg,Tom Cruise
Jessica Alba_38.jpg,Jessica Alba
Henry Cavill_38.jpg,Henry Cavill
Roger Federer_20.jpg,Roger Federer
Billie Eilish_31.jpg,Billie Eilish
Roger Federer_35.jpg,Roger Federer
Anushka Sharma_66.jpg,Anushka Sharma
Robert Downey Jr_83.jpg,Robert Downey Jr
Hugh Jackman_66.jpg,Hugh Jackman
Anushka Sharma_6.jpg,Anushka Sharma
Charlize Theron_2.jpg,Charlize Theron
Akshay Kumar_36.jpg,Akshay Kumar
Jessica Alba_69.jpg,Jessica Alba
Claire Holt_15.jpg,Claire Holt
Hrithik Roshan_33.jpg,Hrithik Roshan
Vijay Deverakonda_79.jpg,Vijay Deverakonda
Claire Holt_68.jpg,Claire Holt
Jessica Alba_96.jpg,Jessica Alba
Billie Eilish_14.jpg,Billie Eilish
Ellen Degeneres_64.jpg,Ellen Degeneres
Camila Cabello_66.jpg,Camila Cabello
Kashyap_25.jpg,Kashyap
Billie Eilish_58.jpg,Billie Eilish
Vijay Deverakonda_30.jpg,Vijay Deverakonda
Amitabh Bachchan_23.jpg,Amitabh Bachchan
Alexandra Daddario_62.jpg,Alexandra Daddario
Margot Robbie_62.jpg,Margot Robbie
Hugh Jackman_75.jpg,Hugh Jackman
Anushka Sharma_39.jpg,Anushka Sharma
Hugh Jackman_95.jpg,Hugh Jackman
Amitabh Bachchan_37.jpg,Amitabh Bachchan
Zac Efron_64.jpg,Zac Efron
Roger Federer_10.jpg,Roger Federer
Vijay Deverakonda_42.jpg,Vijay Deverakonda
Priyanka Chopra_11.jpg,Priyanka Chopra
Brad Pitt_78.jpg,Brad Pitt
Zac Efron_18.jpg,Zac Efron
Anushka Sharma_14.jpg,Anushka Sharma
Vijay Deverakonda_15.jpg,Vijay Deverakonda
Zac Efron_39.jpg,Zac Efron
Billie Eilish_75.jpg,Billie Eilish
Ellen Degeneres_57.jpg,Ellen Degeneres
Ellen Degeneres_33.jpg,Ellen Degeneres
Henry Cavill_87.jpg,Henry Cavill
Zac Efron_50.jpg,Zac Efron
Andy Samberg_3.jpg,Andy Samberg
Brad Pitt_76.jpg,Brad Pitt
Lisa Kudrow_11.jpg,Lisa Kudrow
Anushka Sharma_0.jpg,Anushka Sharma
Ellen Degeneres_58.jpg,Ellen Degeneres
Claire Holt_89.jpg,Claire Holt
Hrithik Roshan_7.jpg,Hrithik Roshan
Henry Cavill_39.jpg,Henry Cavill
Margot Robbie_32.jpg,Margot Robbie
Roger Federer_45.jpg,Roger Federer
Hugh Jackman_14.jpg,Hugh Jackman
Alexandra Daddario_54.jpg,Alexandra Daddario
Anushka Sharma_3.jpg,Anushka Sharma
Dwayne Johnson_54.jpg,Dwayne Johnson
Amitabh Bachchan_45.jpg,Amitabh Bachchan
Virat Kohli_13.jpg,Virat Kohli
Robert Downey Jr_16.jpg,Robert Downey Jr
Robert Downey Jr_31.jpg,Robert Downey Jr
Priyanka Chopra_92.jpg,Priyanka Chopra
Alia Bhatt_42.jpg,Alia Bhatt
Robert Downey Jr_13.jpg,Robert Downey Jr
Brad Pitt_16.jpg,Brad Pitt
Margot Robbie_36.jpg,Margot Robbie
Ellen Degeneres_52.jpg,Ellen Degeneres
Roger Federer_50.jpg,Roger Federer
Brad Pitt_17.jpg,Brad Pitt
Brad Pitt_45.jpg,Brad Pitt
Hrithik Roshan_39.jpg,Hrithik Roshan
Amitabh Bachchan_72.jpg,Amitabh Bachchan
Alexandra Daddario_91.jpg,Alexandra Daddario
Lisa Kudrow_66.jpg,Lisa Kudrow
Elizabeth Olsen_11.jpg,Elizabeth Olsen
Hrithik Roshan_3.jpg,Hrithik Roshan
Priyanka Chopra_88.jpg,Priyanka Chopra
Zac Efron_57.jpg,Zac Efron
Priyanka Chopra_58.jpg,Priyanka Chopra
Natalie Portman_7.jpg,Natalie Portman
Billie Eilish_56.jpg,Billie Eilish
Ellen Degeneres_49.jpg,Ellen Degeneres
Vijay Deverakonda_45.jpg,Vijay Deverakonda
Jessica Alba_7.jpg,Jessica Alba
Amitabh Bachchan_32.jpg,Amitabh Bachchan
Brad Pitt_109.jpg,Brad Pitt
Henry Cavill_58.jpg,Henry Cavill
Jessica Alba_18.jpg,Jessica Alba
Zac Efron_1.jpg,Zac Efron
Andy Samberg_56.jpg,Andy Samberg
Kashyap_16.jpg,Kashyap
Camila Cabello_6.jpg,Camila Cabello
Akshay Kumar_35.jpg,Akshay Kumar
Claire Holt_67.jpg,Claire Holt
Brad Pitt_111.jpg,Brad Pitt
Priyanka Chopra_47.jpg,Priyanka Chopra
Vijay Deverakonda_16.jpg,Vijay Deverakonda
Camila Cabello_77.jpg,Camila Cabello
Henry Cavill_27.jpg,Henry Cavill
Billie Eilish_45.jpg,Billie Eilish
Alia Bhatt_22.jpg,Alia Bhatt
Marmik_2.jpg,Marmik
Hrithik Roshan_28.jpg,Hrithik Roshan
Brad Pitt_5.jpg,Brad Pitt
Brad Pitt_42.jpg,Brad Pitt
Brad Pitt_38.jpg,Brad Pitt
Andy Samberg_42.jpg,Andy Samberg
Natalie Portman_67.jpg,Natalie Portman
Roger Federer_71.jpg,Roger Federer
Elizabeth Olsen_3.jpg,Elizabeth Olsen
Natalie Portman_71.jpg,Natalie Portman
Jessica Alba_91.jpg,Jessica Alba
Hrithik Roshan_69.jpg,Hrithik Roshan
Andy Samberg_61.jpg,Andy Samberg
Marmik_9.jpg,Marmik
Alia Bhatt_69.jpg,Alia Bhatt
Courtney Cox_79.jpg,Courtney Cox
Natalie Portman_79.jpg,Natalie Portman
Priyanka Chopra_26.jpg,Priyanka Chopra
Hrithik Roshan_78.jpg,Hrithik Roshan
Priyanka Chopra_57.jpg,Priyanka Chopra
Brad Pitt_1.jpg,Brad Pitt
Zac Efron_3.jpg,Zac Efron
Elizabeth Olsen_37.jpg,Elizabeth Olsen
Priyanka Chopra_82.jpg,Priyanka Chopra
Jessica Alba_65.jpg,Jessica Alba
Margot Robbie_63.jpg,Margot Robbie
Lisa Kudrow_39.jpg,Lisa Kudrow
Priyanka Chopra_54.jpg,Priyanka Chopra
Alia Bhatt_60.jpg,Alia Bhatt
Amitabh Bachchan_16.jpg,Amitabh Bachchan
Charlize Theron_56.jpg,Charlize Theron
Billie Eilish_16.jpg,Billie Eilish
Roger Federer_7.jpg,Roger Federer
Hrithik Roshan_23.jpg,Hrithik Roshan
Zac Efron_42.jpg,Zac Efron
Hugh Jackman_54.jpg,Hugh Jackman
Andy Samberg_27.jpg,Andy Samberg
Kashyap_21.jpg,Kashyap
Roger Federer_49.jpg,Roger Federer
Vijay Deverakonda_35.jpg,Vijay Deverakonda
Alexandra Daddario_26.jpg,Alexandra Daddario
Hrithik Roshan_57.jpg,Hrithik Roshan
Dwayne Johnson_41.jpg,Dwayne Johnson
Alexandra Daddario_86.jpg,Alexandra Daddario
Charlize Theron_62.jpg,Charlize Theron
Courtney Cox_69.jpg,Courtney Cox
Hugh Jackman_11.jpg,Hugh Jackman
Dwayne Johnson_36.jpg,Dwayne Johnson
Henry Cavill_41.jpg,Henry Cavill
Amitabh Bachchan_18.jpg,Amitabh Bachchan
Billie Eilish_66.jpg,Billie Eilish
Lisa Kudrow_37.jpg,Lisa Kudrow
Camila Cabello_14.jpg,Camila Cabello
Jessica Alba_66.jpg,Jessica Alba
Henry Cavill_68.jpg,Henry Cavill
Dwayne Johnson_48.jpg,Dwayne Johnson
Vijay Deverakonda_26.jpg,Vijay Deverakonda
Billie Eilish_36.jpg,Billie Eilish
Billie Eilish_33.jpg,Billie Eilish
Lisa Kudrow_48.jpg,Lisa Kudrow
Henry Cavill_55.jpg,Henry Cavill
Amitabh Bachchan_61.jpg,Amitabh Bachchan
Billie Eilish_69.jpg,Billie Eilish
Zac Efron_90.jpg,Zac Efron
Billie Eilish_30.jpg,Billie Eilish
Hugh Jackman_64.jpg,Hugh Jackman
Ellen Degeneres_65.jpg,Ellen Degeneres
Henry Cavill_104.jpg,Henry Cavill
Andy Samberg_33.jpg,Andy Samberg
Roger Federer_61.jpg,Roger Federer
Brad Pitt_110.jpg,Brad Pitt
Billie Eilish_74.jpg,Billie Eilish
Charlize Theron_35.jpg,Charlize Theron
Jessica Alba_49.jpg,Jessica Alba
Amitabh Bachchan_41.jpg,Amitabh Bachchan
Anushka Sharma_28.jpg,Anushka Sharma
Vijay Deverakonda_112.jpg,Vijay Deverakonda
Anushka Sharma_57.jpg,Anushka Sharma
Alexandra Daddario_32.jpg,Alexandra Daddario
Jessica Alba_4.jpg,Jessica Alba
Marmik_22.jpg,Marmik
Dwayne Johnson_26.jpg,Dwayne Johnson
Elizabeth Olsen_26.jpg,Elizabeth Olsen
Elizabeth Olsen_22.jpg,Elizabeth Olsen
Elizabeth Olsen_31.jpg,Elizabeth Olsen
Hrithik Roshan_38.jpg,Hrithik Roshan
Billie Eilish_37.jpg,Billie Eilish
Zac Efron_89.jpg,Zac Efron
Alia Bhatt_15.jpg,Alia Bhatt
Henry Cavill_34.jpg,Henry Cavill
Brad Pitt_49.jpg,Brad Pitt
Hugh Jackman_92.jpg,Hugh Jackman
Ellen Degeneres_61.jpg,Ellen Degeneres
Lisa Kudrow_19.jpg,Lisa Kudrow
Brad Pitt_79.jpg,Brad Pitt
Brad Pitt_51.jpg,Brad Pitt
Brad Pitt_35.jpg,Brad Pitt
Vijay Deverakonda_88.jpg,Vijay Deverakonda
Anushka Sharma_55.jpg,Anushka Sharma
Billie Eilish_10.jpg,Billie Eilish
Alia Bhatt_28.jpg,Alia Bhatt
Anushka Sharma_22.jpg,Anushka Sharma
Henry Cavill_66.jpg,Henry Cavill
Billie Eilish_77.jpg,Billie Eilish
Hugh Jackman_19.jpg,Hugh Jackman
Alia Bhatt_30.jpg,Alia Bhatt
Claire Holt_8.jpg,Claire Holt
Vijay Deverakonda_67.jpg,Vijay Deverakonda
Henry Cavill_48.jpg,Henry Cavill
Hrithik Roshan_83.jpg,Hrithik Roshan
Akshay Kumar_9.jpg,Akshay Kumar
Alexandra Daddario_24.jpg,Alexandra Daddario
Robert Downey Jr_84.jpg,Robert Downey Jr
Vijay Deverakonda_62.jpg,Vijay Deverakonda
Vijay Deverakonda_61.jpg,Vijay Deverakonda
Akshay Kumar_8.jpg,Akshay Kumar
Charlize Theron_46.jpg,Charlize Theron
Priyanka Chopra_48.jpg,Priyanka Chopra
Hugh Jackman_104.jpg,Hugh Jackman
Elizabeth Olsen_17.jpg,Elizabeth Olsen
Alexandra Daddario_76.jpg,Alexandra Daddario
Hugh Jackman_45.jpg,Hugh Jackman
Claire Holt_65.jpg,Claire Holt
Billie Eilish_23.jpg,Billie Eilish
Lisa Kudrow_23.jpg,Lisa Kudrow
Natalie Portman_97.jpg,Natalie Portman
Charlize Theron_64.jpg,Charlize Theron
Akshay Kumar_31.jpg,Akshay Kumar
Virat Kohli_32.jpg,Virat Kohli
Jessica Alba_36.jpg,Jessica Alba
Claire Holt_26.jpg,Claire Holt
Lisa Kudrow_14.jpg,Lisa Kudrow
Kashyap_17.jpg,Kashyap
Robert Downey Jr_1.jpg,Robert Downey Jr
Claire Holt_25.jpg,Claire Holt
Kashyap_28.jpg,Kashyap
Virat Kohli_8.jpg,Virat Kohli
Priyanka Chopra_17.jpg,Priyanka Chopra
Andy Samberg_69.jpg,Andy Samberg
Elizabeth Olsen_62.jpg,Elizabeth Olsen
Henry Cavill_10.jpg,Henry Cavill
Natalie Portman_72.jpg,Natalie Portman
Robert Downey Jr_91.jpg,Robert Downey Jr
Camila Cabello_4.jpg,Camila Cabello
Roger Federer_74.jpg,Roger Federer
Ellen Degeneres_24.jpg,Ellen Degeneres
Natalie Portman_11.jpg,Natalie Portman
Amitabh Bachchan_26.jpg,Amitabh Bachchan
Zac Efron_79.jpg,Zac Efron
Hrithik Roshan_18.jpg,Hrithik Roshan
Jessica Alba_23.jpg,Jessica Alba
Lisa Kudrow_60.jpg,Lisa Kudrow
Andy Samberg_59.jpg,Andy Samberg
Vijay Deverakonda_32.jpg,Vijay Deverakonda
Margot Robbie_24.jpg,Margot Robbie
Robert Downey Jr_22.jpg,Robert Downey Jr
Vijay Deverakonda_51.jpg,Vijay Deverakonda
Tom Cruise_45.jpg,Tom Cruise
Vijay Deverakonda_69.jpg,Vijay Deverakonda
Henry Cavill_62.jpg,Henry Cavill
Marmik_27.jpg,Marmik
Robert Downey Jr_38.jpg,Robert Downey Jr
Dwayne Johnson_12.jpg,Dwayne Johnson
Hrithik Roshan_72.jpg,Hrithik Roshan
Priyanka Chopra_7.jpg,Priyanka Chopra
Priyanka Chopra_93.jpg,Priyanka Chopra
Charlize Theron_76.jpg,Charlize Theron
Tom Cruise_54.jpg,Tom Cruise
Vijay Deverakonda_104.jpg,Vijay Deverakonda
Courtney Cox_18.jpg,Courtney Cox
Natalie Portman_91.jpg,Natalie Portman
Roger Federer_54.jpg,Roger Federer
Alexandra Daddario_75.jpg,Alexandra Daddario
Camila Cabello_71.jpg,Camila Cabello
Virat Kohli_45.jpg,Virat Kohli
Anushka Sharma_26.jpg,Anushka Sharma
Elizabeth Olsen_34.jpg,Elizabeth Olsen
Jessica Alba_30.jpg,Jessica Alba
Hrithik Roshan_16.jpg,Hrithik Roshan
Billie Eilish_47.jpg,Billie Eilish
Jessica Alba_94.jpg,Jessica Alba
Andy Samberg_51.jpg,Andy Samberg
Marmik_0.jpg,Marmik
Andy Samberg_12.jpg,Andy Samberg
Brad Pitt_9.jpg,Brad Pitt
Courtney Cox_16.jpg,Courtney Cox
Charlize Theron_28.jpg,Charlize Theron
Brad Pitt_8.jpg,Brad Pitt
Margot Robbie_2.jpg,Margot Robbie
Alia Bhatt_9.jpg,Alia Bhatt
Vijay Deverakonda_14.jpg,Vijay Deverakonda
Priyanka Chopra_94.jpg,Priyanka Chopra
Virat Kohli_12.jpg,Virat Kohli
Alexandra Daddario_4.jpg,Alexandra Daddario
Natalie Portman_4.jpg,Natalie Portman
Amitabh Bachchan_5.jpg,Amitabh Bachchan
Hrithik Roshan_64.jpg,Hrithik Roshan
Amitabh Bachchan_71.jpg,Amitabh Bachchan
Robert Downey Jr_65.jpg,Robert Downey Jr
Natalie Portman_36.jpg,Natalie Portman
Anushka Sharma_35.jpg,Anushka Sharma
Billie Eilish_24.jpg,Billie Eilish
Jessica Alba_77.jpg,Jessica Alba
Robert Downey Jr_43.jpg,Robert Downey Jr
Zac Efron_17.jpg,Zac Efron
Ellen Degeneres_20.jpg,Ellen Degeneres
Claire Holt_48.jpg,Claire Holt
Zac Efron_83.jpg,Zac Efron
Dwayne Johnson_22.jpg,Dwayne Johnson
Amitabh Bachchan_60.jpg,Amitabh Bachchan
Elizabeth Olsen_53.jpg,Elizabeth Olsen
Courtney Cox_40.jpg,Courtney Cox
Elizabeth Olsen_0.jpg,Elizabeth Olsen
Akshay Kumar_25.jpg,Akshay Kumar
Henry Cavill_70.jpg,Henry Cavill
Claire Holt_3.jpg,Claire Holt
Jessica Alba_63.jpg,Jessica Alba
Dwayne Johnson_20.jpg,Dwayne Johnson
Courtney Cox_34.jpg,Courtney Cox
Henry Cavill_24.jpg,Henry Cavill
Charlize Theron_8.jpg,Charlize Theron
Henry Cavill_46.jpg,Henry Cavill
Jessica Alba_34.jpg,Jessica Alba
Kashyap_7.jpg,Kashyap
Elizabeth Olsen_56.jpg,Elizabeth Olsen
Hugh Jackman_15.jpg,Hugh Jackman
Alia Bhatt_8.jpg,Alia Bhatt
Courtney Cox_25.jpg,Courtney Cox
Henry Cavill_22.jpg,Henry Cavill
Andy Samberg_16.jpg,Andy Samberg
Marmik_13.jpg,Marmik
Camila Cabello_27.jpg,Camila Cabello
Jessica Alba_102.jpg,Jessica Alba
Robert Downey Jr_70.jpg,Robert Downey Jr
Andy Samberg_53.jpg,Andy Samberg
Natalie Portman_18.jpg,Natalie Portman
Hrithik Roshan_47.jpg,Hrithik Roshan
Zac Efron_78.jpg,Zac Efron
Camila Cabello_38.jpg,Camila Cabello
Hrithik Roshan_58.jpg,Hrithik Roshan
Dwayne Johnson_19.jpg,Dwayne Johnson
Brad Pitt_67.jpg,Brad Pitt
Elizabeth Olsen_40.jpg,Elizabeth Olsen
Ellen Degeneres_54.jpg,Ellen Degeneres
Tom Cruise_8.jpg,Tom Cruise
Alia Bhatt_54.jpg,Alia Bhatt
Alia Bhatt_38.jpg,Alia Bhatt
Zac Efron_81.jpg,Zac Efron
Natalie Portman_80.jpg,Natalie Portman
Lisa Kudrow_61.jpg,Lisa Kudrow
Priyanka Chopra_46.jpg,Priyanka Chopra
Vijay Deverakonda_109.jpg,Vijay Deverakonda
Alexandra Daddario_8.jpg,Alexandra Daddario
Andy Samberg_5.jpg,Andy Samberg
Margot Robbie_22.jpg,Margot Robbie
Robert Downey Jr_40.jpg,Robert Downey Jr
Tom Cruise_33.jpg,Tom Cruise
Andy Samberg_2.jpg,Andy Samberg
Andy Samberg_89.jpg,Andy Samberg
Hrithik Roshan_17.jpg,Hrithik Roshan
Vijay Deverakonda_56.jpg,Vijay Deverakonda
Tom Cruise_53.jpg,Tom Cruise
Alia Bhatt_40.jpg,Alia Bhatt
Anushka Sharma_44.jpg,Anushka Sharma
Claire Holt_37.jpg,Claire Holt
Marmik_21.jpg,Marmik
Charlize Theron_60.jpg,Charlize Theron
Courtney Cox_33.jpg,Courtney Cox
Alia Bhatt_47.jpg,Alia Bhatt
Zac Efron_41.jpg,Zac Efron
Robert Downey Jr_110.jpg,Robert Downey Jr
Lisa Kudrow_47.jpg,Lisa Kudrow
Margot Robbie_59.jpg,Margot Robbie
Dwayne Johnson_51.jpg,Dwayne Johnson
Claire Holt_11.jpg,Claire Holt
Vijay Deverakonda_85.jpg,Vijay Deverakonda
Billie Eilish_4.jpg,Billie Eilish
Priyanka Chopra_84.jpg,Priyanka Chopra
Priyanka Chopra_96.jpg,Priyanka Chopra
Vijay Deverakonda_103.jpg,Vijay Deverakonda
Robert Downey Jr_39.jpg,Robert Downey Jr
Lisa Kudrow_54.jpg,Lisa Kudrow
Jessica Alba_16.jpg,Jessica Alba
Charlize Theron_12.jpg,Charlize Theron
Alexandra Daddario_70.jpg,Alexandra Daddario
Jessica Alba_85.jpg,Jessica Alba
Amitabh Bachchan_63.jpg,Amitabh Bachchan
Roger Federer_72.jpg,Roger Federer
Zac Efron_32.jpg,Zac Efron
Natalie Portman_73.jpg,Natalie Portman
Vijay Deverakonda_72.jpg,Vijay Deverakonda
Camila Cabello_50.jpg,Camila Cabello
Roger Federer_28.jpg,Roger Federer
Ellen Degeneres_37.jpg,Ellen Degeneres
Andy Samberg_73.jpg,Andy Samberg
Hrithik Roshan_92.jpg,Hrithik Roshan
Brad Pitt_10.jpg,Brad Pitt
Hrithik Roshan_13.jpg,Hrithik Roshan
Priyanka Chopra_60.jpg,Priyanka Chopra
Virat Kohli_10.jpg,Virat Kohli
Jessica Alba_57.jpg,Jessica Alba
Alia Bhatt_64.jpg,Alia Bhatt
Margot Robbie_3.jpg,Margot Robbie
Alexandra Daddario_72.jpg,Alexandra Daddario
Amitabh Bachchan_65.jpg,Amitabh Bachchan
Brad Pitt_118.jpg,Brad Pitt
Zac Efron_16.jpg,Zac Efron
Virat Kohli_16.jpg,Virat Kohli
Hugh Jackman_51.jpg,Hugh Jackman
Amitabh Bachchan_58.jpg,Amitabh Bachchan
Dwayne Johnson_39.jpg,Dwayne Johnson
Claire Holt_94.jpg,Claire Holt
Andy Samberg_68.jpg,Andy Samberg
Hugh Jackman_72.jpg,Hugh Jackman
Courtney Cox_44.jpg,Courtney Cox
Natalie Portman_48.jpg,Natalie Portman
Brad Pitt_6.jpg,Brad Pitt
Jessica Alba_75.jpg,Jessica Alba
Claire Holt_46.jpg,Claire Holt
Amitabh Bachchan_68.jpg,Amitabh Bachchan
Courtney Cox_14.jpg,Courtney Cox
Claire Holt_41.jpg,Claire Holt
Elizabeth Olsen_2.jpg,Elizabeth Olsen
Henry Cavill_61.jpg,Henry Cavill
Anushka Sharma_41.jpg,Anushka Sharma
Natalie Portman_46.jpg,Natalie Portman
Henry Cavill_94.jpg,Henry Cavill
Kashyap_26.jpg,Kashyap
Roger Federer_13.jpg,Roger Federer
Alexandra Daddario_22.jpg,Alexandra Daddario
Natalie Portman_12.jpg,Natalie Portman
Jessica Alba_22.jpg,Jessica Alba
Robert Downey Jr_25.jpg,Robert Downey Jr
Charlize Theron_47.jpg,Charlize Theron
Amitabh Bachchan_17.jpg,Amitabh Bachchan
Lisa Kudrow_55.jpg,Lisa Kudrow
Vijay Deverakonda_86.jpg,Vijay Deverakonda
Roger Federer_60.jpg,Roger Federer
Elizabeth Olsen_13.jpg,Elizabeth Olsen
Hrithik Roshan_60.jpg,Hrithik Roshan
Charlize Theron_52.jpg,Charlize Theron
Dwayne Johnson_47.jpg,Dwayne Johnson
Hugh Jackman_2.jpg,Hugh Jackman
Andy Samberg_80.jpg,Andy Samberg
Claire Holt_10.jpg,Claire Holt
Lisa Kudrow_40.jpg,Lisa Kudrow
Henry Cavill_76.jpg,Henry Cavill
Andy Samberg_10.jpg,Andy Samberg
Brad Pitt_31.jpg,Brad Pitt
Jessica Alba_104.jpg,Jessica Alba
Alexandra Daddario_53.jpg,Alexandra Daddario
Claire Holt_75.jpg,Claire Holt
Courtney Cox_15.jpg,Courtney Cox
Henry Cavill_74.jpg,Henry Cavill
Billie Eilish_76.jpg,Billie Eilish
Henry Cavill_73.jpg,Henry Cavill
Charlize Theron_15.jpg,Charlize Theron
Henry Cavill_47.jpg,Henry Cavill
Brad Pitt_66.jpg,Brad Pitt
Zac Efron_44.jpg,Zac Efron
Alia Bhatt_48.jpg,Alia Bhatt
Jessica Alba_97.jpg,Jessica Alba
Dwayne Johnson_29.jpg,Dwayne Johnson
Robert Downey Jr_8.jpg,Robert Downey Jr
Dwayne Johnson_11.jpg,Dwayne Johnson
Natalie Portman_17.jpg,Natalie Portman
Claire Holt_55.jpg,Claire Holt
Billie Eilish_6.jpg,Billie Eilish
Zac Efron_74.jpg,Zac Efron
Ellen Degeneres_53.jpg,Ellen Degeneres
Vijay Deverakonda_64.jpg,Vijay Deverakonda
Robert Downey Jr_68.jpg,Robert Downey Jr
Brad Pitt_4.jpg,Brad Pitt
Elizabeth Olsen_33.jpg,Elizabeth Olsen
Claire Holt_71.jpg,Claire Holt
Alia Bhatt_17.jpg,Alia Bhatt
Robert Downey Jr_81.jpg,Robert Downey Jr
Courtney Cox_19.jpg,Courtney Cox
Priyanka Chopra_56.jpg,Priyanka Chopra
Priyanka Chopra_20.jpg,Priyanka Chopra
Courtney Cox_37.jpg,Courtney Cox
Vijay Deverakonda_19.jpg,Vijay Deverakonda
Akshay Kumar_3.jpg,Akshay Kumar
Alia Bhatt_23.jpg,Alia Bhatt
Jessica Alba_44.jpg,Jessica Alba
Andy Samberg_41.jpg,Andy Samberg
Dwayne Johnson_49.jpg,Dwayne Johnson
Virat Kohli_31.jpg,Virat Kohli
Natalie Portman_85.jpg,Natalie Portman
Anushka Sharma_60.jpg,Anushka Sharma
Zac Efron_45.jpg,Zac Efron
Hugh Jackman_73.jpg,Hugh Jackman
Virat Kohli_21.jpg,Virat Kohli
Brad Pitt_71.jpg,Brad Pitt
Henry Cavill_81.jpg,Henry Cavill
Andy Samberg_23.jpg,Andy Samberg
Andy Samberg_6.jpg,Andy Samberg
Billie Eilish_93.jpg,Billie Eilish
Hrithik Roshan_94.jpg,Hrithik Roshan
Hugh Jackman_40.jpg,Hugh Jackman
Ellen Degeneres_45.jpg,Ellen Degeneres
Andy Samberg_19.jpg,Andy Samberg
Amitabh Bachchan_69.jpg,Amitabh Bachchan
Camila Cabello_28.jpg,Camila Cabello
Claire Holt_76.jpg,Claire Holt
Brad Pitt_60.jpg,Brad Pitt
Robert Downey Jr_28.jpg,Robert Downey Jr
Natalie Portman_5.jpg,Natalie Portman
Robert Downey Jr_6.jpg,Robert Downey Jr
Lisa Kudrow_63.jpg,Lisa Kudrow
Hugh Jackman_26.jpg,Hugh Jackman
Lisa Kudrow_69.jpg,Lisa Kudrow
Vijay Deverakonda_22.jpg,Vijay Deverakonda
Kashyap_29.jpg,Kashyap
Hugh Jackman_90.jpg,Hugh Jackman
Natalie Portman_13.jpg,Natalie Portman
Claire Holt_86.jpg,Claire Holt
Jessica Alba_5.jpg,Jessica Alba
Ellen Degeneres_7.jpg,Ellen Degeneres
Akshay Kumar_20.jpg,Akshay Kumar
Dwayne Johnson_25.jpg,Dwayne Johnson
Vijay Deverakonda_9.jpg,Vijay Deverakonda
Billie Eilish_62.jpg,Billie Eilish
Anushka Sharma_29.jpg,Anushka Sharma
Margot Robbie_46.jpg,Margot Robbie
Andy Samberg_25.jpg,Andy Samberg
Priyanka Chopra_14.jpg,Priyanka Chopra
Kashyap_24.jpg,Kashyap
Charlize Theron_53.jpg,Charlize Theron
Courtney Cox_22.jpg,Courtney Cox
Ellen Degeneres_26.jpg,Ellen Degeneres
Andy Samberg_88.jpg,Andy Samberg
Vijay Deverakonda_2.jpg,Vijay Deverakonda
Tom Cruise_10.jpg,Tom Cruise
Charlize Theron_54.jpg,Charlize Theron
Ellen Degeneres_39.jpg,Ellen Degeneres
Margot Robbie_6.jpg,Margot Robbie
Elizabeth Olsen_30.jpg,Elizabeth Olsen
Amitabh Bachchan_47.jpg,Amitabh Bachchan
Dwayne Johnson_0.jpg,Dwayne Johnson
Roger Federer_48.jpg,Roger Federer
Vijay Deverakonda_7.jpg,Vijay Deverakonda
Anushka Sharma_34.jpg,Anushka Sharma
Amitabh Bachchan_1.jpg,Amitabh Bachchan
Andy Samberg_66.jpg,Andy Samberg
Henry Cavill_15.jpg,Henry Cavill
Courtney Cox_11.jpg,Courtney Cox
Akshay Kumar_16.jpg,Akshay Kumar
Priyanka Chopra_28.jpg,Priyanka Chopra
Andy Samberg_28.jpg,Andy Samberg
Andy Samberg_17.jpg,Andy Samberg
Anushka Sharma_45.jpg,Anushka Sharma
Alexandra Daddario_59.jpg,Alexandra Daddario
Jessica Alba_25.jpg,Jessica Alba
Alexandra Daddario_73.jpg,Alexandra Daddario
Vijay Deverakonda_36.jpg,Vijay Deverakonda
Robert Downey Jr_93.jpg,Robert Downey Jr
Claire Holt_35.jpg,Claire Holt
Hrithik Roshan_61.jpg,Hrithik Roshan
Virat Kohli_46.jpg,Virat Kohli
Henry Cavill_69.jpg,Henry Cavill
Alexandra Daddario_68.jpg,Alexandra Daddario
Dwayne Johnson_3.jpg,Dwayne Johnson
Camila Cabello_73.jpg,Camila Cabello
Claire Holt_30.jpg,Claire Holt
Jessica Alba_9.jpg,Jessica Alba
Vijay Deverakonda_73.jpg,Vijay Deverakonda
Hugh Jackman_42.jpg,Hugh Jackman
Henry Cavill_84.jpg,Henry Cavill
Brad Pitt_99.jpg,Brad Pitt
Vijay Deverakonda_48.jpg,Vijay Deverakonda
Virat Kohli_2.jpg,Virat Kohli
Virat Kohli_18.jpg,Virat Kohli
Andy Samberg_21.jpg,Andy Samberg
Brad Pitt_25.jpg,Brad Pitt
Billie Eilish_15.jpg,Billie Eilish
Dwayne Johnson_33.jpg,Dwayne Johnson
Akshay Kumar_5.jpg,Akshay Kumar
Margot Robbie_20.jpg,Margot Robbie
Courtney Cox_7.jpg,Courtney Cox
Billie Eilish_97.jpg,Billie Eilish
Alexandra Daddario_42.jpg,Alexandra Daddario
Camila Cabello_24.jpg,Camila Cabello
Robert Downey Jr_41.jpg,Robert Downey Jr
Kashyap_9.jpg,Kashyap
Zac Efron_10.jpg,Zac Efron
Lisa Kudrow_26.jpg,Lisa Kudrow
Henry Cavill_1.jpg,Henry Cavill
Charlize Theron_45.jpg,Charlize Theron
Robert Downey Jr_49.jpg,Robert Downey Jr
Andy Samberg_13.jpg,Andy Samberg
Jessica Alba_62.jpg,Jessica Alba
Billie Eilish_89.jpg,Billie Eilish
Natalie Portman_25.jpg,Natalie Portman
Tom Cruise_30.jpg,Tom Cruise
Billie Eilish_44.jpg,Billie Eilish
Andy Samberg_72.jpg,Andy Samberg
Vijay Deverakonda_106.jpg,Vijay Deverakonda
Kashyap_15.jpg,Kashyap
Amitabh Bachchan_56.jpg,Amitabh Bachchan
Charlize Theron_34.jpg,Charlize Theron
Alexandra Daddario_28.jpg,Alexandra Daddario
Henry Cavill_79.jpg,Henry Cavill
Natalie Portman_52.jpg,Natalie Portman
Alexandra Daddario_20.jpg,Alexandra Daddario
Anushka Sharma_15.jpg,Anushka Sharma
Hrithik Roshan_95.jpg,Hrithik Roshan
Andy Samberg_52.jpg,Andy Samberg
Vijay Deverakonda_12.jpg,Vijay Deverakonda
Hugh Jackman_17.jpg,Hugh Jackman
Billie Eilish_5.jpg,Billie Eilish
Margot Robbie_15.jpg,Margot Robbie
Hugh Jackman_99.jpg,Hugh Jackman
Camila Cabello_12.jpg,Camila Cabello
Elizabeth Olsen_16.jpg,Elizabeth Olsen
Roger Federer_65.jpg,Roger Federer
Robert Downey Jr_86.jpg,Robert Downey Jr
Jessica Alba_61.jpg,Jessica Alba
Amitabh Bachchan_55.jpg,Amitabh Bachchan
Zac Efron_60.jpg,Zac Efron
Alia Bhatt_66.jpg,Alia Bhatt
Camila Cabello_63.jpg,Camila Cabello
Alia Bhatt_18.jpg,Alia Bhatt
Claire Holt_91.jpg,Claire Holt
Brad Pitt_101.jpg,Brad Pitt
Priyanka Chopra_37.jpg,Priyanka Chopra
Andy Samberg_83.jpg,Andy Samberg
Hugh Jackman_52.jpg,Hugh Jackman
Billie Eilish_81.jpg,Billie Eilish
Lisa Kudrow_50.jpg,Lisa Kudrow
Robert Downey Jr_78.jpg,Robert Downey Jr
Vijay Deverakonda_23.jpg,Vijay Deverakonda
Alia Bhatt_6.jpg,Alia Bhatt
Brad Pitt_105.jpg,Brad Pitt
Camila Cabello_2.jpg,Camila Cabello
Natalie Portman_96.jpg,Natalie Portman
Brad Pitt_24.jpg,Brad Pitt
Billie Eilish_67.jpg,Billie Eilish
Andy Samberg_20.jpg,Andy Samberg
Brad Pitt_37.jpg,Brad Pitt
Roger Federer_43.jpg,Roger Federer
Hugh Jackman_22.jpg,Hugh Jackman
Alexandra Daddario_17.jpg,Alexandra Daddario
Brad Pitt_18.jpg,Brad Pitt
Elizabeth Olsen_57.jpg,Elizabeth Olsen
Alia Bhatt_68.jpg,Alia Bhatt
Billie Eilish_41.jpg,Billie Eilish
Virat Kohli_43.jpg,Virat Kohli
Charlize Theron_31.jpg,Charlize Theron
Virat Kohli_37.jpg,Virat Kohli
Zac Efron_24.jpg,Zac Efron
Charlize Theron_38.jpg,Charlize Theron
Charlize Theron_73.jpg,Charlize Theron
Alia Bhatt_27.jpg,Alia Bhatt
Roger Federer_19.jpg,Roger Federer
Billie Eilish_73.jpg,Billie Eilish
Claire Holt_57.jpg,Claire Holt
Priyanka Chopra_45.jpg,Priyanka Chopra
Amitabh Bachchan_40.jpg,Amitabh Bachchan
Billie Eilish_55.jpg,Billie Eilish
Andy Samberg_91.jpg,Andy Samberg
Roger Federer_11.jpg,Roger Federer
Tom Cruise_41.jpg,Tom Cruise
Roger Federer_52.jpg,Roger Federer
Elizabeth Olsen_21.jpg,Elizabeth Olsen
Priyanka Chopra_31.jpg,Priyanka Chopra
Tom Cruise_20.jpg,Tom Cruise
Akshay Kumar_27.jpg,Akshay Kumar
Hugh Jackman_41.jpg,Hugh Jackman
Anushka Sharma_56.jpg,Anushka Sharma
Priyanka Chopra_40.jpg,Priyanka Chopra
Andy Samberg_87.jpg,Andy Samberg
Lisa Kudrow_4.jpg,Lisa Kudrow
Henry Cavill_98.jpg,Henry Cavill
Billie Eilish_84.jpg,Billie Eilish
Dwayne Johnson_60.jpg,Dwayne Johnson
Hugh Jackman_68.jpg,Hugh Jackman
Alexandra Daddario_39.jpg,Alexandra Daddario
Courtney Cox_6.jpg,Courtney Cox
Henry Cavill_4.jpg,Henry Cavill
Hrithik Roshan_51.jpg,Hrithik Roshan
Claire Holt_5.jpg,Claire Holt
Hrithik Roshan_34.jpg,Hrithik Roshan
Margot Robbie_66.jpg,Margot Robbie
Marmik_24.jpg,Marmik
Claire Holt_52.jpg,Claire Holt
Amitabh Bachchan_53.jpg,Amitabh Bachchan
Hrithik Roshan_68.jpg,Hrithik Roshan
Hugh Jackman_1.jpg,Hugh Jackman
Robert Downey Jr_47.jpg,Robert Downey Jr
Vijay Deverakonda_110.jpg,Vijay Deverakonda
Robert Downey Jr_112.jpg,Robert Downey Jr
Ellen Degeneres_44.jpg,Ellen Degeneres
Elizabeth Olsen_47.jpg,Elizabeth Olsen
Anushka Sharma_47.jpg,Anushka Sharma
Henry Cavill_18.jpg,Henry Cavill
Tom Cruise_1.jpg,Tom Cruise
Tom Cruise_2.jpg,Tom Cruise
Billie Eilish_11.jpg,Billie Eilish
Hrithik Roshan_56.jpg,Hrithik Roshan
Claire Holt_9.jpg,Claire Holt
Alexandra Daddario_34.jpg,Alexandra Daddario
Zac Efron_26.jpg,Zac Efron
Henry Cavill_50.jpg,Henry Cavill
Akshay Kumar_38.jpg,Akshay Kumar
Claire Holt_70.jpg,Claire Holt
Vijay Deverakonda_11.jpg,Vijay Deverakonda
Dwayne Johnson_4.jpg,Dwayne Johnson
Vijay Deverakonda_25.jpg,Vijay Deverakonda
Andy Samberg_86.jpg,Andy Samberg
Jessica Alba_107.jpg,Jessica Alba
Amitabh Bachchan_13.jpg,Amitabh Bachchan
Hugh Jackman_76.jpg,Hugh Jackman
Henry Cavill_32.jpg,Henry Cavill
Camila Cabello_47.jpg,Camila Cabello
Margot Robbie_67.jpg,Margot Robbie
Camila Cabello_20.jpg,Camila Cabello
Roger Federer_22.jpg,Roger Federer
Jessica Alba_47.jpg,Jessica Alba
Andy Samberg_18.jpg,Andy Samberg
Alia Bhatt_7.jpg,Alia Bhatt
Roger Federer_42.jpg,Roger Federer
Robert Downey Jr_94.jpg,Robert Downey Jr
Zac Efron_70.jpg,Zac Efron
Zac Efron_47.jpg,Zac Efron
Priyanka Chopra_74.jpg,Priyanka Chopra
Henry Cavill_44.jpg,Henry Cavill
Robert Downey Jr_15.jpg,Robert Downey Jr
Jessica Alba_50.jpg,Jessica Alba
Ellen Degeneres_9.jpg,Ellen Degeneres
Priyanka Chopra_50.jpg,Priyanka Chopra
Alia Bhatt_53.jpg,Alia Bhatt
Henry Cavill_5.jpg,Henry Cavill
Elizabeth Olsen_61.jpg,Elizabeth Olsen
Zac Efron_51.jpg,Zac Efron
Billie Eilish_34.jpg,Billie Eilish
Virat Kohli_28.jpg,Virat Kohli
Claire Holt_79.jpg,Claire Holt
Hugh Jackman_93.jpg,Hugh Jackman
Amitabh Bachchan_6.jpg,Amitabh Bachchan
Courtney Cox_58.jpg,Courtney Cox
Marmik_31.jpg,Marmik
Amitabh Bachchan_0.jpg,Amitabh Bachchan
Ellen Degeneres_51.jpg,Ellen Degeneres
Brad Pitt_114.jpg,Brad Pitt
Anushka Sharma_30.jpg,Anushka Sharma
Hrithik Roshan_55.jpg,Hrithik Roshan
Courtney Cox_62.jpg,Courtney Cox
Dwayne Johnson_58.jpg,Dwayne Johnson
Lisa Kudrow_38.jpg,Lisa Kudrow
Brad Pitt_2.jpg,Brad Pitt
Robert Downey Jr_109.jpg,Robert Downey Jr
Zac Efron_85.jpg,Zac Efron
Hugh Jackman_50.jpg,Hugh Jackman
Camila Cabello_1.jpg,Camila Cabello
Robert Downey Jr_29.jpg,Robert Downey Jr
Claire Holt_24.jpg,Claire Holt
Anushka Sharma_63.jpg,Anushka Sharma
Lisa Kudrow_65.jpg,Lisa Kudrow
Henry Cavill_0.jpg,Henry Cavill
Margot Robbie_64.jpg,Margot Robbie
Tom Cruise_39.jpg,Tom Cruise
Amitabh Bachchan_9.jpg,Amitabh Bachchan
Brad Pitt_22.jpg,Brad Pitt
Hugh Jackman_38.jpg,Hugh Jackman
Marmik_8.jpg,Marmik
Dwayne Johnson_45.jpg,Dwayne Johnson
Margot Robbie_57.jpg,Margot Robbie
Anushka Sharma_43.jpg,Anushka Sharma
Billie Eilish_80.jpg,Billie Eilish
Hrithik Roshan_4.jpg,Hrithik Roshan
Robert Downey Jr_67.jpg,Robert Downey Jr
Dwayne Johnson_44.jpg,Dwayne Johnson
Priyanka Chopra_100.jpg,Priyanka Chopra
Hrithik Roshan_2.jpg,Hrithik Roshan
Hugh Jackman_20.jpg,Hugh Jackman
Jessica Alba_28.jpg,Jessica Alba
Tom Cruise_27.jpg,Tom Cruise
Natalie Portman_77.jpg,Natalie Portman
Brad Pitt_100.jpg,Brad Pitt
Vijay Deverakonda_111.jpg,Vijay Deverakonda
Elizabeth Olsen_25.jpg,Elizabeth Olsen
Tom Cruise_42.jpg,Tom Cruise
Brad Pitt_113.jpg,Brad Pitt
Andy Samberg_60.jpg,Andy Samberg
Alexandra Daddario_46.jpg,Alexandra Daddario
Robert Downey Jr_9.jpg,Robert Downey Jr
Margot Robbie_38.jpg,Margot Robbie
Zac Efron_67.jpg,Zac Efron
Margot Robbie_41.jpg,Margot Robbie
Priyanka Chopra_36.jpg,Priyanka Chopra
Robert Downey Jr_69.jpg,Robert Downey Jr
Andy Samberg_57.jpg,Andy Samberg
Vijay Deverakonda_50.jpg,Vijay Deverakonda
Vijay Deverakonda_4.jpg,Vijay Deverakonda
Natalie Portman_66.jpg,Natalie Portman
Hrithik Roshan_30.jpg,Hrithik Roshan
Dwayne Johnson_8.jpg,Dwayne Johnson
Virat Kohli_15.jpg,Virat Kohli
Vijay Deverakonda_93.jpg,Vijay Deverakonda
Robert Downey Jr_56.jpg,Robert Downey Jr
Anushka Sharma_8.jpg,Anushka Sharma
Claire Holt_77.jpg,Claire Holt
Hrithik Roshan_41.jpg,Hrithik Roshan
Akshay Kumar_42.jpg,Akshay Kumar
Courtney Cox_45.jpg,Courtney Cox
Marmik_17.jpg,Marmik
Hugh Jackman_105.jpg,Hugh Jackman
Akshay Kumar_44.jpg,Akshay Kumar
Vijay Deverakonda_100.jpg,Vijay Deverakonda
Alia Bhatt_33.jpg,Alia Bhatt
Natalie Portman_104.jpg,Natalie Portman
Tom Cruise_28.jpg,Tom Cruise
Jessica Alba_99.jpg,Jessica Alba
Brad Pitt_64.jpg,Brad Pitt
Jessica Alba_40.jpg,Jessica Alba
Brad Pitt_14.jpg,Brad Pitt
Jessica Alba_68.jpg,Jessica Alba
Claire Holt_58.jpg,Claire Holt
Charlize Theron_27.jpg,Charlize Theron
Alia Bhatt_24.jpg,Alia Bhatt
Elizabeth Olsen_63.jpg,Elizabeth Olsen
Roger Federer_23.jpg,Roger Federer
Alexandra Daddario_19.jpg,Alexandra Daddario
Claire Holt_19.jpg,Claire Holt
Jessica Alba_76.jpg,Jessica Alba
Zac Efron_0.jpg,Zac Efron
Dwayne Johnson_35.jpg,Dwayne Johnson
Hrithik Roshan_87.jpg,Hrithik Roshan
Ellen Degeneres_46.jpg,Ellen Degeneres
Dwayne Johnson_6.jpg,Dwayne Johnson
Alexandra Daddario_11.jpg,Alexandra Daddario
Jessica Alba_78.jpg,Jessica Alba
Billie Eilish_54.jpg,Billie Eilish
Camila Cabello_80.jpg,Camila Cabello
Hugh Jackman_16.jpg,Hugh Jackman
Hugh Jackman_58.jpg,Hugh Jackman
Hugh Jackman_28.jpg,Hugh Jackman
Elizabeth Olsen_46.jpg,Elizabeth Olsen
Robert Downey Jr_37.jpg,Robert Downey Jr
Charlize Theron_19.jpg,Charlize Theron
Vijay Deverakonda_78.jpg,Vijay Deverakonda
Tom Cruise_47.jpg,Tom Cruise
Elizabeth Olsen_18.jpg,Elizabeth Olsen
Jessica Alba_103.jpg,Jessica Alba
Priyanka Chopra_69.jpg,Priyanka Chopra
Margot Robbie_7.jpg,Margot Robbie
Henry Cavill_105.jpg,Henry Cavill
Natalie Portman_2.jpg,Natalie Portman
Henry Cavill_30.jpg,Henry Cavill
Courtney Cox_35.jpg,Courtney Cox
Robert Downey Jr_2.jpg,Robert Downey Jr
Anushka Sharma_19.jpg,Anushka Sharma
Brad Pitt_19.jpg,Brad Pitt
Courtney Cox_21.jpg,Courtney Cox
Camila Cabello_37.jpg,Camila Cabello
Anushka Sharma_49.jpg,Anushka Sharma
Amitabh Bachchan_73.jpg,Amitabh Bachchan
Natalie Portman_89.jpg,Natalie Portman
Hugh Jackman_79.jpg,Hugh Jackman
Jessica Alba_58.jpg,Jessica Alba
Akshay Kumar_10.jpg,Akshay Kumar
Brad Pitt_119.jpg,Brad Pitt
Natalie Portman_29.jpg,Natalie Portman
Andy Samberg_49.jpg,Andy Samberg
Hrithik Roshan_8.jpg,Hrithik Roshan
Claire Holt_88.jpg,Claire Holt
Amitabh Bachchan_49.jpg,Amitabh Bachchan
Andy Samberg_82.jpg,Andy Samberg
Amitabh Bachchan_54.jpg,Amitabh Bachchan
Camila Cabello_3.jpg,Camila Cabello
Lisa Kudrow_29.jpg,Lisa Kudrow
Amitabh Bachchan_3.jpg,Amitabh Bachchan
Priyanka Chopra_99.jpg,Priyanka Chopra
Billie Eilish_28.jpg,Billie Eilish
Margot Robbie_10.jpg,Margot Robbie
Priyanka Chopra_63.jpg,Priyanka Chopra
Hrithik Roshan_29.jpg,Hrithik Roshan
Henry Cavill_102.jpg,Henry Cavill
Hrithik Roshan_43.jpg,Hrithik Roshan
Amitabh Bachchan_35.jpg,Amitabh Bachchan
Anushka Sharma_32.jpg,Anushka Sharma
Margot Robbie_40.jpg,Margot Robbie
Lisa Kudrow_58.jpg,Lisa Kudrow
Andy Samberg_22.jpg,Andy Samberg
Claire Holt_59.jpg,Claire Holt
Elizabeth Olsen_6.jpg,Elizabeth Olsen
Zac Efron_2.jpg,Zac Efron
Akshay Kumar_22.jpg,Akshay Kumar
Camila Cabello_52.jpg,Camila Cabello
Roger Federer_8.jpg,Roger Federer
Courtney Cox_51.jpg,Courtney Cox
Robert Downey Jr_88.jpg,Robert Downey Jr
Robert Downey Jr_102.jpg,Robert Downey Jr
Andy Samberg_70.jpg,Andy Samberg
Hugh Jackman_29.jpg,Hugh Jackman
Alia Bhatt_45.jpg,Alia Bhatt
Courtney Cox_55.jpg,Courtney Cox
Hugh Jackman_24.jpg,Hugh Jackman
Henry Cavill_64.jpg,Henry Cavill
Henry Cavill_101.jpg,Henry Cavill
Elizabeth Olsen_50.jpg,Elizabeth Olsen
Alia Bhatt_5.jpg,Alia Bhatt
Brad Pitt_50.jpg,Brad Pitt
Vijay Deverakonda_1.jpg,Vijay Deverakonda
Ellen Degeneres_35.jpg,Ellen Degeneres
Brad Pitt_46.jpg,Brad Pitt
Jessica Alba_33.jpg,Jessica Alba
Courtney Cox_63.jpg,Courtney Cox
Courtney Cox_0.jpg,Courtney Cox
Andy Samberg_78.jpg,Andy Samberg
Hrithik Roshan_79.jpg,Hrithik Roshan
Brad Pitt_27.jpg,Brad Pitt
Camila Cabello_57.jpg,Camila Cabello
Natalie Portman_8.jpg,Natalie Portman
Camila Cabello_21.jpg,Camila Cabello
Lisa Kudrow_68.jpg,Lisa Kudrow
Alexandra Daddario_87.jpg,Alexandra Daddario
Brad Pitt_59.jpg,Brad Pitt
Andy Samberg_44.jpg,Andy Samberg
Jessica Alba_14.jpg,Jessica Alba
Natalie Portman_37.jpg,Natalie Portman
Elizabeth Olsen_4.jpg,Elizabeth Olsen
Henry Cavill_42.jpg,Henry Cavill
Natalie Portman_24.jpg,Natalie Portman
Camila Cabello_42.jpg,Camila Cabello
Dwayne Johnson_31.jpg,Dwayne Johnson
Hrithik Roshan_50.jpg,Hrithik Roshan
Hugh Jackman_8.jpg,Hugh Jackman
Vijay Deverakonda_40.jpg,Vijay Deverakonda
Elizabeth Olsen_42.jpg,Elizabeth Olsen
Billie Eilish_18.jpg,Billie Eilish
Lisa Kudrow_20.jpg,Lisa Kudrow
Zac Efron_65.jpg,Zac Efron
Natalie Portman_90.jpg,Natalie Portman
Elizabeth Olsen_35.jpg,Elizabeth Olsen
Hugh Jackman_23.jpg,Hugh Jackman
Andy Samberg_48.jpg,Andy Samberg
Hugh Jackman_85.jpg,Hugh Jackman
Virat Kohli_22.jpg,Virat Kohli
Priyanka Chopra_35.jpg,Priyanka Chopra
Henry Cavill_12.jpg,Henry Cavill
Robert Downey Jr_82.jpg,Robert Downey Jr
Charlize Theron_6.jpg,Charlize Theron
Dwayne Johnson_57.jpg,Dwayne Johnson
Amitabh Bachchan_57.jpg,Amitabh Bachchan
Margot Robbie_43.jpg,Margot Robbie
Claire Holt_33.jpg,Claire Holt
Alexandra Daddario_55.jpg,Alexandra Daddario
Jessica Alba_73.jpg,Jessica Alba
Alexandra Daddario_60.jpg,Alexandra Daddario
Zac Efron_80.jpg,Zac Efron
Jessica Alba_17.jpg,Jessica Alba
Hugh Jackman_34.jpg,Hugh Jackman
Henry Cavill_6.jpg,Henry Cavill
Hugh Jackman_106.jpg,Hugh Jackman
Margot Robbie_56.jpg,Margot Robbie
Jessica Alba_64.jpg,Jessica Alba
Tom Cruise_0.jpg,Tom Cruise
Camila Cabello_44.jpg,Camila Cabello
Alexandra Daddario_29.jpg,Alexandra Daddario
Natalie Portman_38.jpg,Natalie Portman
Virat Kohli_47.jpg,Virat Kohli
Billie Eilish_32.jpg,Billie Eilish
Margot Robbie_0.jpg,Margot Robbie
Vijay Deverakonda_17.jpg,Vijay Deverakonda
Ellen Degeneres_31.jpg,Ellen Degeneres
Robert Downey Jr_26.jpg,Robert Downey Jr
Hugh Jackman_7.jpg,Hugh Jackman
Anushka Sharma_25.jpg,Anushka Sharma
Camila Cabello_85.jpg,Camila Cabello
Vijay Deverakonda_83.jpg,Vijay Deverakonda
Lisa Kudrow_30.jpg,Lisa Kudrow
Vijay Deverakonda_0.jpg,Vijay Deverakonda
Robert Downey Jr_14.jpg,Robert Downey Jr
Camila Cabello_72.jpg,Camila Cabello
Charlize Theron_50.jpg,Charlize Theron
Vijay Deverakonda_5.jpg,Vijay Deverakonda
Margot Robbie_1.jpg,Margot Robbie
Priyanka Chopra_39.jpg,Priyanka Chopra
Hugh Jackman_69.jpg,Hugh Jackman
Alia Bhatt_14.jpg,Alia Bhatt
Robert Downey Jr_80.jpg,Robert Downey Jr
Hugh Jackman_71.jpg,Hugh Jackman
Camila Cabello_26.jpg,Camila Cabello
Charlize Theron_61.jpg,Charlize Theron
Marmik_30.jpg,Marmik
Zac Efron_77.jpg,Zac Efron
Tom Cruise_49.jpg,Tom Cruise
Camila Cabello_34.jpg,Camila Cabello
Tom Cruise_26.jpg,Tom Cruise
Claire Holt_84.jpg,Claire Holt
Claire Holt_7.jpg,Claire Holt
Anushka Sharma_9.jpg,Anushka Sharma
Jessica Alba_19.jpg,Jessica Alba
Natalie Portman_31.jpg,Natalie Portman
Henry Cavill_65.jpg,Henry Cavill
Alia Bhatt_31.jpg,Alia Bhatt
Camila Cabello_60.jpg,Camila Cabello
Kashyap_18.jpg,Kashyap
Akshay Kumar_32.jpg,Akshay Kumar
Hrithik Roshan_85.jpg,Hrithik Roshan
Jessica Alba_55.jpg,Jessica Alba
Courtney Cox_66.jpg,Courtney Cox
Ellen Degeneres_36.jpg,Ellen Degeneres
Dwayne Johnson_32.jpg,Dwayne Johnson
Lisa Kudrow_31.jpg,Lisa Kudrow
Jessica Alba_11.jpg,Jessica Alba
Priyanka Chopra_30.jpg,Priyanka Chopra
Akshay Kumar_46.jpg,Akshay Kumar
Hugh Jackman_70.jpg,Hugh Jackman
Lisa Kudrow_36.jpg,Lisa Kudrow
Margot Robbie_47.jpg,Margot Robbie
Hugh Jackman_12.jpg,Hugh Jackman
Roger Federer_21.jpg,Roger Federer
Brad Pitt_41.jpg,Brad Pitt
Elizabeth Olsen_60.jpg,Elizabeth Olsen
Akshay Kumar_34.jpg,Akshay Kumar
Anushka Sharma_58.jpg,Anushka Sharma
Hrithik Roshan_93.jpg,Hrithik Roshan
Kashyap_19.jpg,Kashyap
Billie Eilish_43.jpg,Billie Eilish
Henry Cavill_37.jpg,Henry Cavill
Priyanka Chopra_52.jpg,Priyanka Chopra
Amitabh Bachchan_22.jpg,Amitabh Bachchan
Billie Eilish_96.jpg,Billie Eilish
Billie Eilish_68.jpg,Billie Eilish
Lisa Kudrow_8.jpg,Lisa Kudrow
Henry Cavill_13.jpg,Henry Cavill
Elizabeth Olsen_66.jpg,Elizabeth Olsen
Camila Cabello_51.jpg,Camila Cabello
Priyanka Chopra_49.jpg,Priyanka Chopra
Tom Cruise_23.jpg,Tom Cruise
Alexandra Daddario_16.jpg,Alexandra Daddario
Brad Pitt_61.jpg,Brad Pitt
Ellen Degeneres_40.jpg,Ellen Degeneres
Lisa Kudrow_52.jpg,Lisa Kudrow
Brad Pitt_26.jpg,Brad Pitt
Henry Cavill_78.jpg,Henry Cavill
Roger Federer_64.jpg,Roger Federer
Courtney Cox_13.jpg,Courtney Cox
Vijay Deverakonda_66.jpg,Vijay Deverakonda
Henry Cavill_29.jpg,Henry Cavill
Claire Holt_69.jpg,Claire Holt
Henry Cavill_56.jpg,Henry Cavill
Priyanka Chopra_85.jpg,Priyanka Chopra
Virat Kohli_41.jpg,Virat Kohli
Jessica Alba_74.jpg,Jessica Alba
Vijay Deverakonda_81.jpg,Vijay Deverakonda
Natalie Portman_93.jpg,Natalie Portman
Priyanka Chopra_53.jpg,Priyanka Chopra
Camila Cabello_39.jpg,Camila Cabello
Dwayne Johnson_16.jpg,Dwayne Johnson
Camila Cabello_74.jpg,Camila Cabello
Natalie Portman_68.jpg,Natalie Portman
Hugh Jackman_62.jpg,Hugh Jackman
Billie Eilish_61.jpg,Billie Eilish
Alexandra Daddario_37.jpg,Alexandra Daddario
Tom Cruise_3.jpg,Tom Cruise
Henry Cavill_82.jpg,Henry Cavill
Claire Holt_78.jpg,Claire Holt
Vijay Deverakonda_43.jpg,Vijay Deverakonda
Natalie Portman_55.jpg,Natalie Portman
Alia Bhatt_16.jpg,Alia Bhatt
Charlize Theron_21.jpg,Charlize Theron
Andy Samberg_4.jpg,Andy Samberg
Akshay Kumar_14.jpg,Akshay Kumar
Courtney Cox_17.jpg,Courtney Cox
Kashyap_6.jpg,Kashyap
Camila Cabello_64.jpg,Camila Cabello
Claire Holt_73.jpg,Claire Holt
Billie Eilish_20.jpg,Billie Eilish
Alia Bhatt_44.jpg,Alia Bhatt
Alia Bhatt_29.jpg,Alia Bhatt
Anushka Sharma_67.jpg,Anushka Sharma
Billie Eilish_40.jpg,Billie Eilish
Hugh Jackman_33.jpg,Hugh Jackman
Elizabeth Olsen_70.jpg,Elizabeth Olsen
Henry Cavill_85.jpg,Henry Cavill
Vijay Deverakonda_74.jpg,Vijay Deverakonda
Elizabeth Olsen_41.jpg,Elizabeth Olsen
Virat Kohli_25.jpg,Virat Kohli
Hrithik Roshan_54.jpg,Hrithik Roshan
Jessica Alba_20.jpg,Jessica Alba
Margot Robbie_54.jpg,Margot Robbie
Priyanka Chopra_67.jpg,Priyanka Chopra
Jessica Alba_48.jpg,Jessica Alba
Natalie Portman_87.jpg,Natalie Portman
Margot Robbie_71.jpg,Margot Robbie
Zac Efron_23.jpg,Zac Efron
Andy Samberg_38.jpg,Andy Samberg
Anushka Sharma_59.jpg,Anushka Sharma
Kashyap_4.jpg,Kashyap
Hugh Jackman_18.jpg,Hugh Jackman
Charlize Theron_74.jpg,Charlize Theron
Priyanka Chopra_41.jpg,Priyanka Chopra
Priyanka Chopra_34.jpg,Priyanka Chopra
Hrithik Roshan_52.jpg,Hrithik Roshan
Alexandra Daddario_41.jpg,Alexandra Daddario
Zac Efron_36.jpg,Zac Efron
Charlize Theron_24.jpg,Charlize Theron
Jessica Alba_54.jpg,Jessica Alba
Alexandra Daddario_12.jpg,Alexandra Daddario
Priyanka Chopra_19.jpg,Priyanka Chopra
Henry Cavill_63.jpg,Henry Cavill
Robert Downey Jr_53.jpg,Robert Downey Jr
Kashyap_13.jpg,Kashyap
Henry Cavill_25.jpg,Henry Cavill
Alexandra Daddario_66.jpg,Alexandra Daddario
Vijay Deverakonda_80.jpg,Vijay Deverakonda
Courtney Cox_57.jpg,Courtney Cox
Priyanka Chopra_27.jpg,Priyanka Chopra
Kashyap_10.jpg,Kashyap
Courtney Cox_77.jpg,Courtney Cox
Ellen Degeneres_56.jpg,Ellen Degeneres
Brad Pitt_23.jpg,Brad Pitt
Charlize Theron_16.jpg,Charlize Theron
Akshay Kumar_24.jpg,Akshay Kumar
Dwayne Johnson_34.jpg,Dwayne Johnson
Robert Downey Jr_34.jpg,Robert Downey Jr
Amitabh Bachchan_67.jpg,Amitabh Bachchan
Anushka Sharma_46.jpg,Anushka Sharma
Priyanka Chopra_62.jpg,Priyanka Chopra
Priyanka Chopra_65.jpg,Priyanka Chopra
Brad Pitt_96.jpg,Brad Pitt
Akshay Kumar_37.jpg,Akshay Kumar
Hrithik Roshan_20.jpg,Hrithik Roshan
Camila Cabello_53.jpg,Camila Cabello
Courtney Cox_24.jpg,Courtney Cox
Priyanka Chopra_78.jpg,Priyanka Chopra
Alia Bhatt_74.jpg,Alia Bhatt
Natalie Portman_28.jpg,Natalie Portman
Ellen Degeneres_25.jpg,Ellen Degeneres
Andy Samberg_37.jpg,Andy Samberg
Brad Pitt_104.jpg,Brad Pitt
Hrithik Roshan_59.jpg,Hrithik Roshan
Elizabeth Olsen_19.jpg,Elizabeth Olsen
Virat Kohli_24.jpg,Virat Kohli
Andy Samberg_50.jpg,Andy Samberg
Alia Bhatt_13.jpg,Alia Bhatt
Natalie Portman_78.jpg,Natalie Portman
Priyanka Chopra_95.jpg,Priyanka Chopra
Elizabeth Olsen_38.jpg,Elizabeth Olsen
Claire Holt_18.jpg,Claire Holt
Courtney Cox_38.jpg,Courtney Cox
Dwayne Johnson_7.jpg,Dwayne Johnson
Alia Bhatt_20.jpg,Alia Bhatt
Tom Cruise_37.jpg,Tom Cruise
Zac Efron_8.jpg,Zac Efron
Courtney Cox_70.jpg,Courtney Cox
Natalie Portman_82.jpg,Natalie Portman
Robert Downey Jr_77.jpg,Robert Downey Jr
Natalie Portman_86.jpg,Natalie Portman
Tom Cruise_24.jpg,Tom Cruise
Vijay Deverakonda_90.jpg,Vijay Deverakonda
Ellen Degeneres_60.jpg,Ellen Degeneres
Lisa Kudrow_41.jpg,Lisa Kudrow
Vijay Deverakonda_84.jpg,Vijay Deverakonda
Hugh Jackman_3.jpg,Hugh Jackman
Jessica Alba_13.jpg,Jessica Alba
Natalie Portman_26.jpg,Natalie Portman
Claire Holt_42.jpg,Claire Holt
Zac Efron_7.jpg,Zac Efron
Courtney Cox_12.jpg,Courtney Cox
Tom Cruise_57.jpg,Tom Cruise
Andy Samberg_55.jpg,Andy Samberg
Zac Efron_49.jpg,Zac Efron
Zac Efron_68.jpg,Zac Efron
Hugh Jackman_55.jpg,Hugh Jackman
Andy Samberg_90.jpg,Andy Samberg
Kashyap_2.jpg,Kashyap
Lisa Kudrow_45.jpg,Lisa Kudrow
Amitabh Bachchan_29.jpg,Amitabh Bachchan
Jessica Alba_26.jpg,Jessica Alba
Courtney Cox_10.jpg,Courtney Cox
Roger Federer_36.jpg,Roger Federer
Andy Samberg_24.jpg,Andy Samberg
Zac Efron_35.jpg,Zac Efron
Jessica Alba_56.jpg,Jessica Alba
Hrithik Roshan_12.jpg,Hrithik Roshan
Courtney Cox_4.jpg,Courtney Cox
Hugh Jackman_21.jpg,Hugh Jackman
Brad Pitt_88.jpg,Brad Pitt
Courtney Cox_1.jpg,Courtney Cox
Andy Samberg_77.jpg,Andy Samberg
Brad Pitt_11.jpg,Brad Pitt
Dwayne Johnson_18.jpg,Dwayne Johnson
Charlize Theron_67.jpg,Charlize Theron
Courtney Cox_52.jpg,Courtney Cox
Zac Efron_58.jpg,Zac Efron
Jessica Alba_101.jpg,Jessica Alba
Roger Federer_38.jpg,Roger Federer
Margot Robbie_48.jpg,Margot Robbie
Charlize Theron_57.jpg,Charlize Theron
Hugh Jackman_10.jpg,Hugh Jackman
Charlize Theron_25.jpg,Charlize Theron
Henry Cavill_93.jpg,Henry Cavill
Tom Cruise_50.jpg,Tom Cruise
Dwayne Johnson_43.jpg,Dwayne Johnson
Robert Downey Jr_5.jpg,Robert Downey Jr
Courtney Cox_9.jpg,Courtney Cox
Hrithik Roshan_75.jpg,Hrithik Roshan
Vijay Deverakonda_49.jpg,Vijay Deverakonda
Robert Downey Jr_58.jpg,Robert Downey Jr
Roger Federer_9.jpg,Roger Federer
Alexandra Daddario_78.jpg,Alexandra Daddario
Claire Holt_53.jpg,Claire Holt
Robert Downey Jr_3.jpg,Robert Downey Jr
Hrithik Roshan_26.jpg,Hrithik Roshan
Courtney Cox_75.jpg,Courtney Cox
Andy Samberg_63.jpg,Andy Samberg
Courtney Cox_71.jpg,Courtney Cox
Hugh Jackman_48.jpg,Hugh Jackman
Camila Cabello_17.jpg,Camila Cabello
Charlize Theron_7.jpg,Charlize Theron
Jessica Alba_24.jpg,Jessica Alba
Courtney Cox_54.jpg,Courtney Cox
Henry Cavill_14.jpg,Henry Cavill
Roger Federer_12.jpg,Roger Federer
Alexandra Daddario_90.jpg,Alexandra Daddario
Alia Bhatt_77.jpg,Alia Bhatt
Robert Downey Jr_36.jpg,Robert Downey Jr
Lisa Kudrow_62.jpg,Lisa Kudrow
Tom Cruise_32.jpg,Tom Cruise
Robert Downey Jr_95.jpg,Robert Downey Jr
Priyanka Chopra_68.jpg,Priyanka Chopra
Akshay Kumar_29.jpg,Akshay Kumar
Camila Cabello_43.jpg,Camila Cabello
Ellen Degeneres_19.jpg,Ellen Degeneres
Robert Downey Jr_24.jpg,Robert Downey Jr
Claire Holt_39.jpg,Claire Holt
Jessica Alba_8.jpg,Jessica Alba
Akshay Kumar_18.jpg,Akshay Kumar
Marmik_16.jpg,Marmik
Vijay Deverakonda_94.jpg,Vijay Deverakonda
Margot Robbie_37.jpg,Margot Robbie
Henry Cavill_89.jpg,Henry Cavill
Camila Cabello_82.jpg,Camila Cabello
Brad Pitt_57.jpg,Brad Pitt
Margot Robbie_68.jpg,Margot Robbie
Hugh Jackman_97.jpg,Hugh Jackman
Alexandra Daddario_80.jpg,Alexandra Daddario
Claire Holt_13.jpg,Claire Holt
Andy Samberg_34.jpg,Andy Samberg
Margot Robbie_35.jpg,Margot Robbie
Hugh Jackman_82.jpg,Hugh Jackman
Henry Cavill_60.jpg,Henry Cavill
Zac Efron_19.jpg,Zac Efron
Akshay Kumar_21.jpg,Akshay Kumar
Courtney Cox_20.jpg,Courtney Cox
Alia Bhatt_75.jpg,Alia Bhatt
Lisa Kudrow_34.jpg,Lisa Kudrow
Priyanka Chopra_77.jpg,Priyanka Chopra
Ellen Degeneres_41.jpg,Ellen Degeneres
Vijay Deverakonda_63.jpg,Vijay Deverakonda
Jessica Alba_92.jpg,Jessica Alba
Claire Holt_32.jpg,Claire Holt
Billie Eilish_64.jpg,Billie Eilish
Brad Pitt_30.jpg,Brad Pitt
Alia Bhatt_57.jpg,Alia Bhatt
Henry Cavill_54.jpg,Henry Cavill
Amitabh Bachchan_7.jpg,Amitabh Bachchan
Courtney Cox_23.jpg,Courtney Cox
Vijay Deverakonda_89.jpg,Vijay Deverakonda
Natalie Portman_61.jpg,Natalie Portman
Virat Kohli_26.jpg,Virat Kohli
Elizabeth Olsen_5.jpg,Elizabeth Olsen
Kashyap_11.jpg,Kashyap
Billie Eilish_94.jpg,Billie Eilish
Alia Bhatt_21.jpg,Alia Bhatt
Anushka Sharma_38.jpg,Anushka Sharma
Claire Holt_85.jpg,Claire Holt
Lisa Kudrow_5.jpg,Lisa Kudrow
Billie Eilish_29.jpg,Billie Eilish
Robert Downey Jr_57.jpg,Robert Downey Jr
Lisa Kudrow_57.jpg,Lisa Kudrow
Hugh Jackman_84.jpg,Hugh Jackman
Hugh Jackman_37.jpg,Hugh Jackman
Brad Pitt_0.jpg,Brad Pitt
Ellen Degeneres_6.jpg,Ellen Degeneres
Anushka Sharma_11.jpg,Anushka Sharma
Brad Pitt_13.jpg,Brad Pitt
Vijay Deverakonda_54.jpg,Vijay Deverakonda
Lisa Kudrow_51.jpg,Lisa Kudrow
Zac Efron_73.jpg,Zac Efron
Charlize Theron_63.jpg,Charlize Theron
Virat Kohli_35.jpg,Virat Kohli
Courtney Cox_74.jpg,Courtney Cox
Henry Cavill_28.jpg,Henry Cavill
Lisa Kudrow_44.jpg,Lisa Kudrow
Brad Pitt_91.jpg,Brad Pitt
Tom Cruise_29.jpg,Tom Cruise
Alia Bhatt_0.jpg,Alia Bhatt
Roger Federer_62.jpg,Roger Federer
Natalie Portman_62.jpg,Natalie Portman
Anushka Sharma_4.jpg,Anushka Sharma
Charlize Theron_44.jpg,Charlize Theron
Priyanka Chopra_61.jpg,Priyanka Chopra
Brad Pitt_47.jpg,Brad Pitt
Henry Cavill_91.jpg,Henry Cavill
Andy Samberg_0.jpg,Andy Samberg
Anushka Sharma_21.jpg,Anushka Sharma
Alexandra Daddario_43.jpg,Alexandra Daddario
Robert Downey Jr_32.jpg,Robert Downey Jr
Zac Efron_54.jpg,Zac Efron
Alexandra Daddario_82.jpg,Alexandra Daddario
Kashyap_12.jpg,Kashyap
Jessica Alba_93.jpg,Jessica Alba
Virat Kohli_42.jpg,Virat Kohli
Hrithik Roshan_76.jpg,Hrithik Roshan
Robert Downey Jr_4.jpg,Robert Downey Jr
Roger Federer_55.jpg,Roger Federer
Ellen Degeneres_47.jpg,Ellen Degeneres
Camila Cabello_55.jpg,Camila Cabello
Henry Cavill_88.jpg,Henry Cavill
Natalie Portman_100.jpg,Natalie Portman
Amitabh Bachchan_52.jpg,Amitabh Bachchan
Natalie Portman_19.jpg,Natalie Portman
Robert Downey Jr_54.jpg,Robert Downey Jr
Hrithik Roshan_49.jpg,Hrithik Roshan
Claire Holt_80.jpg,Claire Holt
Lisa Kudrow_21.jpg,Lisa Kudrow
Henry Cavill_92.jpg,Henry Cavill
Roger Federer_29.jpg,Roger Federer
Priyanka Chopra_16.jpg,Priyanka Chopra
Brad Pitt_21.jpg,Brad Pitt
Kashyap_5.jpg,Kashyap
Zac Efron_82.jpg,Zac Efron
Andy Samberg_81.jpg,Andy Samberg
Andy Samberg_43.jpg,Andy Samberg
Natalie Portman_3.jpg,Natalie Portman
Vijay Deverakonda_87.jpg,Vijay Deverakonda
Jessica Alba_6.jpg,Jessica Alba
Elizabeth Olsen_48.jpg,Elizabeth Olsen
Hugh Jackman_110.jpg,Hugh Jackman
Jessica Alba_81.jpg,Jessica Alba
Claire Holt_74.jpg,Claire Holt
Charlize Theron_23.jpg,Charlize Theron
Marmik_19.jpg,Marmik
Andy Samberg_39.jpg,Andy Samberg
Hrithik Roshan_21.jpg,Hrithik Roshan
Andy Samberg_31.jpg,Andy Samberg
Robert Downey Jr_21.jpg,Robert Downey Jr
Akshay Kumar_2.jpg,Akshay Kumar
Claire Holt_62.jpg,Claire Holt
Alia Bhatt_35.jpg,Alia Bhatt
Amitabh Bachchan_44.jpg,Amitabh Bachchan
Priyanka Chopra_0.jpg,Priyanka Chopra
Camila Cabello_23.jpg,Camila Cabello
Claire Holt_66.jpg,Claire Holt
Amitabh Bachchan_42.jpg,Amitabh Bachchan
Claire Holt_14.jpg,Claire Holt
Vijay Deverakonda_44.jpg,Vijay Deverakonda
Alexandra Daddario_89.jpg,Alexandra Daddario
Jessica Alba_31.jpg,Jessica Alba
Andy Samberg_30.jpg,Andy Samberg
Brad Pitt_81.jpg,Brad Pitt
Priyanka Chopra_38.jpg,Priyanka Chopra
Natalie Portman_51.jpg,Natalie Portman
Brad Pitt_102.jpg,Brad Pitt
Alexandra Daddario_9.jpg,Alexandra Daddario
Alexandra Daddario_65.jpg,Alexandra Daddario
Billie Eilish_78.jpg,Billie Eilish
Amitabh Bachchan_11.jpg,Amitabh Bachchan
Camila Cabello_54.jpg,Camila Cabello
Vijay Deverakonda_60.jpg,Vijay Deverakonda
Roger Federer_27.jpg,Roger Federer
Hugh Jackman_102.jpg,Hugh Jackman
Andy Samberg_36.jpg,Andy Samberg
Henry Cavill_96.jpg,Henry Cavill
Priyanka Chopra_79.jpg,Priyanka Chopra
Hugh Jackman_25.jpg,Hugh Jackman
Margot Robbie_25.jpg,Margot Robbie
Tom Cruise_9.jpg,Tom Cruise
Camila Cabello_46.jpg,Camila Cabello
Claire Holt_16.jpg,Claire Holt
Alia Bhatt_55.jpg,Alia Bhatt
Priyanka Chopra_66.jpg,Priyanka Chopra
Brad Pitt_116.jpg,Brad Pitt
Courtney Cox_2.jpg,Courtney Cox
Billie Eilish_52.jpg,Billie Eilish
Jessica Alba_82.jpg,Jessica Alba
Natalie Portman_45.jpg,Natalie Portman
Natalie Portman_34.jpg,Natalie Portman
Brad Pitt_74.jpg,Brad Pitt
Akshay Kumar_11.jpg,Akshay Kumar
Natalie Portman_16.jpg,Natalie Portman
Billie Eilish_2.jpg,Billie Eilish
Hrithik Roshan_24.jpg,Hrithik Roshan
Akshay Kumar_13.jpg,Akshay Kumar
Henry Cavill_26.jpg,Henry Cavill
Claire Holt_82.jpg,Claire Holt
Billie Eilish_92.jpg,Billie Eilish
Amitabh Bachchan_15.jpg,Amitabh Bachchan
Dwayne Johnson_53.jpg,Dwayne Johnson
Billie Eilish_88.jpg,Billie Eilish
Amitabh Bachchan_28.jpg,Amitabh Bachchan
Claire Holt_63.jpg,Claire Holt
Marmik_29.jpg,Marmik
Ellen Degeneres_21.jpg,Ellen Degeneres
Natalie Portman_70.jpg,Natalie Portman
Robert Downey Jr_75.jpg,Robert Downey Jr
Margot Robbie_30.jpg,Margot Robbie
Zac Efron_61.jpg,Zac Efron
Claire Holt_12.jpg,Claire Holt
Hrithik Roshan_5.jpg,Hrithik Roshan
Robert Downey Jr_90.jpg,Robert Downey Jr
Natalie Portman_23.jpg,Natalie Portman
Hugh Jackman_87.jpg,Hugh Jackman
Jessica Alba_60.jpg,Jessica Alba
Amitabh Bachchan_59.jpg,Amitabh Bachchan
Brad Pitt_89.jpg,Brad Pitt
Natalie Portman_63.jpg,Natalie Portman
Robert Downey Jr_99.jpg,Robert Downey Jr
Vijay Deverakonda_95.jpg,Vijay Deverakonda
Natalie Portman_95.jpg,Natalie Portman
Andy Samberg_26.jpg,Andy Samberg
Hugh Jackman_32.jpg,Hugh Jackman
Hrithik Roshan_22.jpg,Hrithik Roshan
Natalie Portman_83.jpg,Natalie Portman
Camila Cabello_25.jpg,Camila Cabello
Jessica Alba_1.jpg,Jessica Alba
Brad Pitt_44.jpg,Brad Pitt
Anushka Sharma_42.jpg,Anushka Sharma
Jessica Alba_35.jpg,Jessica Alba
Brad Pitt_28.jpg,Brad Pitt
Zac Efron_69.jpg,Zac Efron
Zac Efron_66.jpg,Zac Efron
Brad Pitt_53.jpg,Brad Pitt
Natalie Portman_42.jpg,Natalie Portman
Hugh Jackman_57.jpg,Hugh Jackman
Vijay Deverakonda_65.jpg,Vijay Deverakonda
Amitabh Bachchan_14.jpg,Amitabh Bachchan
Margot Robbie_8.jpg,Margot Robbie
Ellen Degeneres_3.jpg,Ellen Degeneres
Alexandra Daddario_61.jpg,Alexandra Daddario
Vijay Deverakonda_31.jpg,Vijay Deverakonda
Alexandra Daddario_23.jpg,Alexandra Daddario
Hrithik Roshan_9.jpg,Hrithik Roshan
Vijay Deverakonda_102.jpg,Vijay Deverakonda
Akshay Kumar_30.jpg,Akshay Kumar
Henry Cavill_16.jpg,Henry Cavill
Robert Downey Jr_55.jpg,Robert Downey Jr
Alia Bhatt_10.jpg,Alia Bhatt
Billie Eilish_82.jpg,Billie Eilish
Charlize Theron_55.jpg,Charlize Theron
Marmik_10.jpg,Marmik
Hugh Jackman_60.jpg,Hugh Jackman
Alexandra Daddario_40.jpg,Alexandra Daddario
Henry Cavill_33.jpg,Henry Cavill
Robert Downey Jr_52.jpg,Robert Downey Jr
Robert Downey Jr_33.jpg,Robert Downey Jr
Natalie Portman_59.jpg,Natalie Portman
Margot Robbie_12.jpg,Margot Robbie
Billie Eilish_35.jpg,Billie Eilish
Kashyap_14.jpg,Kashyap
Tom Cruise_4.jpg,Tom Cruise
Virat Kohli_30.jpg,Virat Kohli
Camila Cabello_68.jpg,Camila Cabello
Natalie Portman_103.jpg,Natalie Portman
Roger Federer_75.jpg,Roger Federer
Zac Efron_56.jpg,Zac Efron
Marmik_18.jpg,Marmik
Andy Samberg_7.jpg,Andy Samberg
Camila Cabello_78.jpg,Camila Cabello
Natalie Portman_20.jpg,Natalie Portman
Jessica Alba_98.jpg,Jessica Alba
Dwayne Johnson_2.jpg,Dwayne Johnson
Dwayne Johnson_23.jpg,Dwayne Johnson
Priyanka Chopra_12.jpg,Priyanka Chopra
Hrithik Roshan_15.jpg,Hrithik Roshan
Robert Downey Jr_46.jpg,Robert Downey Jr
Margot Robbie_14.jpg,Margot Robbie
Brad Pitt_92.jpg,Brad Pitt
Andy Samberg_71.jpg,Andy Samberg
Vijay Deverakonda_20.jpg,Vijay Deverakonda
Henry Cavill_2.jpg,Henry Cavill
Alexandra Daddario_33.jpg,Alexandra Daddario
Akshay Kumar_33.jpg,Akshay Kumar
Billie Eilish_25.jpg,Billie Eilish
Billie Eilish_72.jpg,Billie Eilish
Camila Cabello_56.jpg,Camila Cabello
Alexandra Daddario_13.jpg,Alexandra Daddario
Brad Pitt_68.jpg,Brad Pitt
Andy Samberg_15.jpg,Andy Samberg
Camila Cabello_5.jpg,Camila Cabello
Roger Federer_6.jpg,Roger Federer
Priyanka Chopra_15.jpg,Priyanka Chopra
Brad Pitt_55.jpg,Brad Pitt
Akshay Kumar_15.jpg,Akshay Kumar
Henry Cavill_57.jpg,Henry Cavill
Charlize Theron_48.jpg,Charlize Theron
Dwayne Johnson_40.jpg,Dwayne Johnson
Andy Samberg_46.jpg,Andy Samberg
Jessica Alba_52.jpg,Jessica Alba
Akshay Kumar_7.jpg,Akshay Kumar
Roger Federer_41.jpg,Roger Federer
Alexandra Daddario_6.jpg,Alexandra Daddario
Andy Samberg_58.jpg,Andy Samberg
Elizabeth Olsen_12.jpg,Elizabeth Olsen
Amitabh Bachchan_24.jpg,Amitabh Bachchan
Alia Bhatt_73.jpg,Alia Bhatt
Elizabeth Olsen_8.jpg,Elizabeth Olsen
Priyanka Chopra_64.jpg,Priyanka Chopra
Marmik_7.jpg,Marmik
Charlize Theron_39.jpg,Charlize Theron
Elizabeth Olsen_28.jpg,Elizabeth Olsen
Margot Robbie_13.jpg,Margot Robbie
Natalie Portman_54.jpg,Natalie Portman
Robert Downey Jr_96.jpg,Robert Downey Jr
Tom Cruise_36.jpg,Tom Cruise
Andy Samberg_54.jpg,Andy Samberg
Billie Eilish_70.jpg,Billie Eilish
Amitabh Bachchan_19.jpg,Amitabh Bachchan
Brad Pitt_73.jpg,Brad Pitt
Priyanka Chopra_59.jpg,Priyanka Chopra
Roger Federer_58.jpg,Roger Federer
Hugh Jackman_0.jpg,Hugh Jackman
Billie Eilish_8.jpg,Billie Eilish
Roger Federer_59.jpg,Roger Federer
Brad Pitt_36.jpg,Brad Pitt
Hugh Jackman_53.jpg,Hugh Jackman
Natalie Portman_94.jpg,Natalie Portman
Hrithik Roshan_98.jpg,Hrithik Roshan
Dwayne Johnson_9.jpg,Dwayne Johnson
Robert Downey Jr_30.jpg,Robert Downey Jr
Alexandra Daddario_18.jpg,Alexandra Daddario
Priyanka Chopra_8.jpg,Priyanka Chopra
Alexandra Daddario_47.jpg,Alexandra Daddario
Brad Pitt_93.jpg,Brad Pitt
Margot Robbie_60.jpg,Margot Robbie
Tom Cruise_7.jpg,Tom Cruise
Amitabh Bachchan_62.jpg,Amitabh Bachchan
Lisa Kudrow_46.jpg,Lisa Kudrow
Robert Downey Jr_107.jpg,Robert Downey Jr
Andy Samberg_67.jpg,Andy Samberg
Marmik_23.jpg,Marmik
Jessica Alba_100.jpg,Jessica Alba
Hrithik Roshan_71.jpg,Hrithik Roshan
Robert Downey Jr_61.jpg,Robert Downey Jr
Claire Holt_17.jpg,Claire Holt
Ellen Degeneres_63.jpg,Ellen Degeneres
Tom Cruise_16.jpg,Tom Cruise
Charlize Theron_0.jpg,Charlize Theron
Alexandra Daddario_63.jpg,Alexandra Daddario
Margot Robbie_33.jpg,Margot Robbie
Akshay Kumar_47.jpg,Akshay Kumar
Margot Robbie_29.jpg,Margot Robbie
Alexandra Daddario_77.jpg,Alexandra Daddario
Alia Bhatt_65.jpg,Alia Bhatt
Hugh Jackman_39.jpg,Hugh Jackman
Alexandra Daddario_10.jpg,Alexandra Daddario
Margot Robbie_53.jpg,Margot Robbie
Billie Eilish_90.jpg,Billie Eilish
Alexandra Daddario_25.jpg,Alexandra Daddario
Marmik_4.jpg,Marmik
Priyanka Chopra_9.jpg,Priyanka Chopra
Tom Cruise_13.jpg,Tom Cruise
Priyanka Chopra_5.jpg,Priyanka Chopra
Hrithik Roshan_96.jpg,Hrithik Roshan
Alia Bhatt_46.jpg,Alia Bhatt
Alexandra Daddario_88.jpg,Alexandra Daddario
Claire Holt_64.jpg,Claire Holt
Charlize Theron_41.jpg,Charlize Theron
Alexandra Daddario_83.jpg,Alexandra Daddario
Alexandra Daddario_36.jpg,Alexandra Daddario
Jessica Alba_43.jpg,Jessica Alba
Roger Federer_46.jpg,Roger Federer
Camila Cabello_86.jpg,Camila Cabello
Billie Eilish_87.jpg,Billie Eilish
Dwayne Johnson_13.jpg,Dwayne Johnson
Natalie Portman_10.jpg,Natalie Portman
Courtney Cox_53.jpg,Courtney Cox
Tom Cruise_44.jpg,Tom Cruise
Alia Bhatt_3.jpg,Alia Bhatt
Amitabh Bachchan_33.jpg,Amitabh Bachchan
Hrithik Roshan_11.jpg,Hrithik Roshan
Anushka Sharma_62.jpg,Anushka Sharma
Natalie Portman_15.jpg,Natalie Portman
Claire Holt_27.jpg,Claire Holt
Hrithik Roshan_36.jpg,Hrithik Roshan
Vijay Deverakonda_47.jpg,Vijay Deverakonda
Alexandra Daddario_51.jpg,Alexandra Daddario
Natalie Portman_32.jpg,Natalie Portman
Charlize Theron_5.jpg,Charlize Theron
Camila Cabello_67.jpg,Camila Cabello
Priyanka Chopra_71.jpg,Priyanka Chopra
Virat Kohli_11.jpg,Virat Kohli
Robert Downey Jr_17.jpg,Robert Downey Jr
Alexandra Daddario_56.jpg,Alexandra Daddario
Anushka Sharma_51.jpg,Anushka Sharma
Alexandra Daddario_30.jpg,Alexandra Daddario
Brad Pitt_12.jpg,Brad Pitt
Natalie Portman_84.jpg,Natalie Portman
Zac Efron_14.jpg,Zac Efron
Henry Cavill_11.jpg,Henry Cavill
Claire Holt_81.jpg,Claire Holt
Henry Cavill_99.jpg,Henry Cavill
Vijay Deverakonda_57.jpg,Vijay Deverakonda
Vijay Deverakonda_3.jpg,Vijay Deverakonda
Tom Cruise_6.jpg,Tom Cruise
Marmik_6.jpg,Marmik
Charlize Theron_10.jpg,Charlize Theron
Robert Downey Jr_98.jpg,Robert Downey Jr
Courtney Cox_59.jpg,Courtney Cox
Anushka Sharma_1.jpg,Anushka Sharma
Amitabh Bachchan_21.jpg,Amitabh Bachchan
Roger Federer_57.jpg,Roger Federer
Amitabh Bachchan_50.jpg,Amitabh Bachchan
Hrithik Roshan_10.jpg,Hrithik Roshan
Natalie Portman_64.jpg,Natalie Portman
Alexandra Daddario_7.jpg,Alexandra Daddario
Anushka Sharma_54.jpg,Anushka Sharma
Camila Cabello_0.jpg,Camila Cabello
Amitabh Bachchan_34.jpg,Amitabh Bachchan
Roger Federer_2.jpg,Roger Federer
Jessica Alba_32.jpg,Jessica Alba
Zac Efron_88.jpg,Zac Efron
Alexandra Daddario_49.jpg,Alexandra Daddario
Priyanka Chopra_4.jpg,Priyanka Chopra
Akshay Kumar_39.jpg,Akshay Kumar
Zac Efron_21.jpg,Zac Efron
Roger Federer_25.jpg,Roger Federer
Zac Efron_28.jpg,Zac Efron
Anushka Sharma_64.jpg,Anushka Sharma
Hugh Jackman_35.jpg,Hugh Jackman
Margot Robbie_51.jpg,Margot Robbie
Camila Cabello_48.jpg,Camila Cabello
Vijay Deverakonda_99.jpg,Vijay Deverakonda
Roger Federer_63.jpg,Roger Federer
Akshay Kumar_0.jpg,Akshay Kumar
Natalie Portman_49.jpg,Natalie Portman
Billie Eilish_1.jpg,Billie Eilish
Elizabeth Olsen_32.jpg,Elizabeth Olsen
Elizabeth Olsen_39.jpg,Elizabeth Olsen
Priyanka Chopra_25.jpg,Priyanka Chopra
Alexandra Daddario_38.jpg,Alexandra Daddario
Hugh Jackman_46.jpg,Hugh Jackman
Robert Downey Jr_104.jpg,Robert Downey Jr
Camila Cabello_11.jpg,Camila Cabello
Jessica Alba_45.jpg,Jessica Alba
Virat Kohli_48.jpg,Virat Kohli
Dwayne Johnson_38.jpg,Dwayne Johnson
Hugh Jackman_27.jpg,Hugh Jackman
Charlize Theron_18.jpg,Charlize Theron
Natalie Portman_41.jpg,Natalie Portman
Kashyap_27.jpg,Kashyap
Natalie Portman_35.jpg,Natalie Portman
Priyanka Chopra_101.jpg,Priyanka Chopra
Billie Eilish_27.jpg,Billie Eilish
Billie Eilish_65.jpg,Billie Eilish
Charlize Theron_65.jpg,Charlize Theron
Anushka Sharma_24.jpg,Anushka Sharma
Andy Samberg_9.jpg,Andy Samberg
Tom Cruise_48.jpg,Tom Cruise
Robert Downey Jr_60.jpg,Robert Downey Jr
Alexandra Daddario_58.jpg,Alexandra Daddario
Jessica Alba_86.jpg,Jessica Alba
Virat Kohli_29.jpg,Virat Kohli
Camila Cabello_22.jpg,Camila Cabello
Charlize Theron_4.jpg,Charlize Theron
Charlize Theron_69.jpg,Charlize Theron
Natalie Portman_27.jpg,Natalie Portman
Henry Cavill_20.jpg,Henry Cavill
Alexandra Daddario_2.jpg,Alexandra Daddario
Henry Cavill_8.jpg,Henry Cavill
Claire Holt_21.jpg,Claire Holt
Vijay Deverakonda_37.jpg,Vijay Deverakonda
Alia Bhatt_4.jpg,Alia Bhatt
Henry Cavill_40.jpg,Henry Cavill
Amitabh Bachchan_10.jpg,Amitabh Bachchan
Alia Bhatt_11.jpg,Alia Bhatt
Elizabeth Olsen_20.jpg,Elizabeth Olsen
Andy Samberg_8.jpg,Andy Samberg
Marmik_12.jpg,Marmik
Robert Downey Jr_92.jpg,Robert Downey Jr
Elizabeth Olsen_7.jpg,Elizabeth Olsen
Virat Kohli_36.jpg,Virat Kohli
Roger Federer_51.jpg,Roger Federer
Henry Cavill_51.jpg,Henry Cavill
Henry Cavill_43.jpg,Henry Cavill
Tom Cruise_46.jpg,Tom Cruise
Priyanka Chopra_87.jpg,Priyanka Chopra
Akshay Kumar_17.jpg,Akshay Kumar
Anushka Sharma_65.jpg,Anushka Sharma
Natalie Portman_88.jpg,Natalie Portman
Marmik_25.jpg,Marmik
Camila Cabello_40.jpg,Camila Cabello
Amitabh Bachchan_4.jpg,Amitabh Bachchan
Claire Holt_49.jpg,Claire Holt
Jessica Alba_71.jpg,Jessica Alba
Anushka Sharma_10.jpg,Anushka Sharma
Henry Cavill_53.jpg,Henry Cavill
Virat Kohli_39.jpg,Virat Kohli
Jessica Alba_39.jpg,Jessica Alba
Claire Holt_72.jpg,Claire Holt
Claire Holt_87.jpg,Claire Holt
Camila Cabello_8.jpg,Camila Cabello
Priyanka Chopra_32.jpg,Priyanka Chopra
Billie Eilish_13.jpg,Billie Eilish
Lisa Kudrow_9.jpg,Lisa Kudrow
Priyanka Chopra_86.jpg,Priyanka Chopra
Henry Cavill_100.jpg,Henry Cavill
Ellen Degeneres_29.jpg,Ellen Degeneres
Courtney Cox_30.jpg,Courtney Cox
Billie Eilish_50.jpg,Billie Eilish
Natalie Portman_9.jpg,Natalie Portman
Lisa Kudrow_53.jpg,Lisa Kudrow
Camila Cabello_69.jpg,Camila Cabello
Akshay Kumar_45.jpg,Akshay Kumar
Claire Holt_36.jpg,Claire Holt
Camila Cabello_61.jpg,Camila Cabello
Billie Eilish_85.jpg,Billie Eilish
Ellen Degeneres_59.jpg,Ellen Degeneres
Hrithik Roshan_19.jpg,Hrithik Roshan
Camila Cabello_30.jpg,Camila Cabello
Kashyap_3.jpg,Kashyap
Robert Downey Jr_72.jpg,Robert Downey Jr
Robert Downey Jr_62.jpg,Robert Downey Jr
Hrithik Roshan_48.jpg,Hrithik Roshan
Elizabeth Olsen_9.jpg,Elizabeth Olsen
Dwayne Johnson_24.jpg,Dwayne Johnson
Andy Samberg_79.jpg,Andy Samberg
Brad Pitt_94.jpg,Brad Pitt
Hugh Jackman_100.jpg,Hugh Jackman
Roger Federer_70.jpg,Roger Federer
Andy Samberg_65.jpg,Andy Samberg
Courtney Cox_39.jpg,Courtney Cox
Charlize Theron_3.jpg,Charlize Theron
Camila Cabello_65.jpg,Camila Cabello
Hrithik Roshan_31.jpg,Hrithik Roshan
Dwayne Johnson_28.jpg,Dwayne Johnson
Courtney Cox_41.jpg,Courtney Cox
Priyanka Chopra_24.jpg,Priyanka Chopra
Billie Eilish_22.jpg,Billie Eilish
Brad Pitt_83.jpg,Brad Pitt
Vijay Deverakonda_91.jpg,Vijay Deverakonda
Natalie Portman_56.jpg,Natalie Portman
Vijay Deverakonda_70.jpg,Vijay Deverakonda
Hrithik Roshan_70.jpg,Hrithik Roshan
Hugh Jackman_96.jpg,Hugh Jackman
Vijay Deverakonda_34.jpg,Vijay Deverakonda
Roger Federer_69.jpg,Roger Federer
Jessica Alba_106.jpg,Jessica Alba
Hrithik Roshan_1.jpg,Hrithik Roshan
Henry Cavill_35.jpg,Henry Cavill
Roger Federer_5.jpg,Roger Federer
Hrithik Roshan_97.jpg,Hrithik Roshan
Hugh Jackman_30.jpg,Hugh Jackman
Jessica Alba_15.jpg,Jessica Alba
Roger Federer_44.jpg,Roger Federer
Henry Cavill_3.jpg,Henry Cavill
Lisa Kudrow_28.jpg,Lisa Kudrow
Henry Cavill_31.jpg,Henry Cavill
Zac Efron_22.jpg,Zac Efron
Vijay Deverakonda_6.jpg,Vijay Deverakonda
Henry Cavill_17.jpg,Henry Cavill
Claire Holt_51.jpg,Claire Holt
Alexandra Daddario_35.jpg,Alexandra Daddario
Ellen Degeneres_32.jpg,Ellen Degeneres
Charlize Theron_58.jpg,Charlize Theron
Natalie Portman_0.jpg,Natalie Portman
Robert Downey Jr_101.jpg,Robert Downey Jr
Brad Pitt_98.jpg,Brad Pitt
Roger Federer_73.jpg,Roger Federer
Zac Efron_37.jpg,Zac Efron
Alexandra Daddario_15.jpg,Alexandra Daddario
Alexandra Daddario_84.jpg,Alexandra Daddario
Elizabeth Olsen_68.jpg,Elizabeth Olsen
Claire Holt_95.jpg,Claire Holt
Claire Holt_90.jpg,Claire Holt
Charlize Theron_66.jpg,Charlize Theron
Hugh Jackman_101.jpg,Hugh Jackman
Hrithik Roshan_67.jpg,Hrithik Roshan
Hugh Jackman_91.jpg,Hugh Jackman
Ellen Degeneres_70.jpg,Ellen Degeneres
Billie Eilish_53.jpg,Billie Eilish
Zac Efron_63.jpg,Zac Efron
Priyanka Chopra_42.jpg,Priyanka Chopra
Priyanka Chopra_1.jpg,Priyanka Chopra
Hrithik Roshan_6.jpg,Hrithik Roshan
Claire Holt_6.jpg,Claire Holt
Charlize Theron_70.jpg,Charlize Theron
Zac Efron_30.jpg,Zac Efron
Lisa Kudrow_13.jpg,Lisa Kudrow
Roger Federer_30.jpg,Roger Federer
Roger Federer_17.jpg,Roger Federer
Robert Downey Jr_74.jpg,Robert Downey Jr
Brad Pitt_80.jpg,Brad Pitt
Alia Bhatt_36.jpg,Alia Bhatt
Akshay Kumar_43.jpg,Akshay Kumar
Virat Kohli_3.jpg,Virat Kohli
Camila Cabello_45.jpg,Camila Cabello
Alexandra Daddario_45.jpg,Alexandra Daddario
Ellen Degeneres_62.jpg,Ellen Degeneres
Roger Federer_40.jpg,Roger Federer
Marmik_15.jpg,Marmik
Ellen Degeneres_17.jpg,Ellen Degeneres
Henry Cavill_97.jpg,Henry Cavill
Alia Bhatt_76.jpg,Alia Bhatt
Billie Eilish_59.jpg,Billie Eilish
Lisa Kudrow_10.jpg,Lisa Kudrow
Billie Eilish_49.jpg,Billie Eilish
Robert Downey Jr_48.jpg,Robert Downey Jr
Natalie Portman_101.jpg,Natalie Portman
Hrithik Roshan_63.jpg,Hrithik Roshan
Hugh Jackman_80.jpg,Hugh Jackman
Vijay Deverakonda_114.jpg,Vijay Deverakonda
Robert Downey Jr_12.jpg,Robert Downey Jr
Jessica Alba_0.jpg,Jessica Alba
Ellen Degeneres_73.jpg,Ellen Degeneres
Hrithik Roshan_89.jpg,Hrithik Roshan
Robert Downey Jr_79.jpg,Robert Downey Jr
Kashyap_8.jpg,Kashyap
Ellen Degeneres_55.jpg,Ellen Degeneres
Jessica Alba_10.jpg,Jessica Alba
Courtney Cox_26.jpg,Courtney Cox
Camila Cabello_79.jpg,Camila Cabello
Amitabh Bachchan_20.jpg,Amitabh Bachchan
Camila Cabello_62.jpg,Camila Cabello
Zac Efron_84.jpg,Zac Efron
Ellen Degeneres_18.jpg,Ellen Degeneres
Roger Federer_3.jpg,Roger Federer
Ellen Degeneres_66.jpg,Ellen Degeneres
Dwayne Johnson_55.jpg,Dwayne Johnson
Dwayne Johnson_52.jpg,Dwayne Johnson
Ellen Degeneres_28.jpg,Ellen Degeneres
Hugh Jackman_56.jpg,Hugh Jackman
Robert Downey Jr_44.jpg,Robert Downey Jr
Claire Holt_50.jpg,Claire Holt
Alia Bhatt_1.jpg,Alia Bhatt
Zac Efron_48.jpg,Zac Efron
Claire Holt_2.jpg,Claire Holt
Camila Cabello_49.jpg,Camila Cabello
Virat Kohli_17.jpg,Virat Kohli
Amitabh Bachchan_48.jpg,Amitabh Bachchan
Alexandra Daddario_31.jpg,Alexandra Daddario
Anushka Sharma_16.jpg,Anushka Sharma
Roger Federer_0.jpg,Roger Federer
Vijay Deverakonda_75.jpg,Vijay Deverakonda
Anushka Sharma_17.jpg,Anushka Sharma
Hrithik Roshan_42.jpg,Hrithik Roshan
Robert Downey Jr_63.jpg,Robert Downey Jr
Natalie Portman_50.jpg,Natalie Portman
Brad Pitt_29.jpg,Brad Pitt
Robert Downey Jr_42.jpg,Robert Downey Jr
Henry Cavill_71.jpg,Henry Cavill
Marmik_1.jpg,Marmik
Claire Holt_4.jpg,Claire Holt
Jessica Alba_105.jpg,Jessica Alba
Akshay Kumar_41.jpg,Akshay Kumar
Robert Downey Jr_85.jpg,Robert Downey Jr
Roger Federer_15.jpg,Roger Federer
Courtney Cox_48.jpg,Courtney Cox
Jessica Alba_3.jpg,Jessica Alba
Elizabeth Olsen_51.jpg,Elizabeth Olsen
Natalie Portman_40.jpg,Natalie Portman
Camila Cabello_10.jpg,Camila Cabello
Camila Cabello_59.jpg,Camila Cabello
Anushka Sharma_31.jpg,Anushka Sharma
Hugh Jackman_78.jpg,Hugh Jackman
Kashyap_1.jpg,Kashyap
Charlize Theron_68.jpg,Charlize Theron
Brad Pitt_48.jpg,Brad Pitt
Alexandra Daddario_67.jpg,Alexandra Daddario
Anushka Sharma_36.jpg,Anushka Sharma
Jessica Alba_79.jpg,Jessica Alba
Zac Efron_46.jpg,Zac Efron
Alexandra Daddario_44.jpg,Alexandra Daddario
Robert Downey Jr_18.jpg,Robert Downey Jr
Camila Cabello_81.jpg,Camila Cabello
Jessica Alba_83.jpg,Jessica Alba
Akshay Kumar_19.jpg,Akshay Kumar
Amitabh Bachchan_66.jpg,Amitabh Bachchan
Dwayne Johnson_56.jpg,Dwayne Johnson
Ellen Degeneres_5.jpg,Ellen Degeneres
Hugh Jackman_109.jpg,Hugh Jackman
Vijay Deverakonda_77.jpg,Vijay Deverakonda
Vijay Deverakonda_76.jpg,Vijay Deverakonda
Vijay Deverakonda_105.jpg,Vijay Deverakonda
Jessica Alba_27.jpg,Jessica Alba
Vijay Deverakonda_18.jpg,Vijay Deverakonda
Lisa Kudrow_17.jpg,Lisa Kudrow
Claire Holt_20.jpg,Claire Holt
Claire Holt_60.jpg,Claire Holt
Billie Eilish_46.jpg,Billie Eilish
Margot Robbie_4.jpg,Margot Robbie
Andy Samberg_45.jpg,Andy Samberg
Billie Eilish_63.jpg,Billie Eilish
Hrithik Roshan_27.jpg,Hrithik Roshan
Dwayne Johnson_1.jpg,Dwayne Johnson
Vijay Deverakonda_82.jpg,Vijay Deverakonda
Margot Robbie_39.jpg,Margot Robbie
Margot Robbie_42.jpg,Margot Robbie
Robert Downey Jr_108.jpg,Robert Downey Jr
Andy Samberg_64.jpg,Andy Samberg
Virat Kohli_23.jpg,Virat Kohli
Henry Cavill_86.jpg,Henry Cavill
Jessica Alba_88.jpg,Jessica Alba
Billie Eilish_95.jpg,Billie Eilish
Henry Cavill_103.jpg,Henry Cavill
Tom Cruise_43.jpg,Tom Cruise
Courtney Cox_3.jpg,Courtney Cox
Margot Robbie_31.jpg,Margot Robbie
Robert Downey Jr_71.jpg,Robert Downey Jr
Courtney Cox_76.jpg,Courtney Cox
Elizabeth Olsen_24.jpg,Elizabeth Olsen
Tom Cruise_38.jpg,Tom Cruise
Courtney Cox_65.jpg,Courtney Cox
Lisa Kudrow_1.jpg,Lisa Kudrow
Alia Bhatt_19.jpg,Alia Bhatt
Brad Pitt_15.jpg,Brad Pitt
Hugh Jackman_36.jpg,Hugh Jackman
Camila Cabello_36.jpg,Camila Cabello
Ellen Degeneres_69.jpg,Ellen Degeneres
Claire Holt_61.jpg,Claire Holt
Billie Eilish_38.jpg,Billie Eilish
Brad Pitt_103.jpg,Brad Pitt
Elizabeth Olsen_69.jpg,Elizabeth Olsen
Elizabeth Olsen_49.jpg,Elizabeth Olsen
Billie Eilish_60.jpg,Billie Eilish
Brad Pitt_63.jpg,Brad Pitt
Roger Federer_4.jpg,Roger Federer
Kashyap_23.jpg,Kashyap
Courtney Cox_8.jpg,Courtney Cox
Natalie Portman_76.jpg,Natalie Portman
Ellen Degeneres_12.jpg,Ellen Degeneres
Vijay Deverakonda_8.jpg,Vijay Deverakonda
Alexandra Daddario_69.jpg,Alexandra Daddario
Camila Cabello_7.jpg,Camila Cabello
Zac Efron_53.jpg,Zac Efron
Priyanka Chopra_22.jpg,Priyanka Chopra
Elizabeth Olsen_14.jpg,Elizabeth Olsen
Margot Robbie_65.jpg,Margot Robbie
Charlize Theron_72.jpg,Charlize Theron
Alexandra Daddario_71.jpg,Alexandra Daddario
Brad Pitt_84.jpg,Brad Pitt
Virat Kohli_9.jpg,Virat Kohli
Tom Cruise_52.jpg,Tom Cruise
Zac Efron_40.jpg,Zac Efron
Brad Pitt_65.jpg,Brad Pitt
Andy Samberg_76.jpg,Andy Samberg
Amitabh Bachchan_51.jpg,Amitabh Bachchan
Akshay Kumar_6.jpg,Akshay Kumar
Courtney Cox_60.jpg,Courtney Cox
Claire Holt_43.jpg,Claire Holt
Charlize Theron_20.jpg,Charlize Theron
Ellen Degeneres_8.jpg,Ellen Degeneres
Elizabeth Olsen_55.jpg,Elizabeth Olsen
Akshay Kumar_12.jpg,Akshay Kumar
Jessica Alba_51.jpg,Jessica Alba
Elizabeth Olsen_10.jpg,Elizabeth Olsen
Charlize Theron_9.jpg,Charlize Theron
Camila Cabello_16.jpg,Camila Cabello
Lisa Kudrow_42.jpg,Lisa Kudrow
Roger Federer_31.jpg,Roger Federer
Ellen Degeneres_10.jpg,Ellen Degeneres
Brad Pitt_117.jpg,Brad Pitt
Alexandra Daddario_0.jpg,Alexandra Daddario
Claire Holt_22.jpg,Claire Holt
Priyanka Chopra_3.jpg,Priyanka Chopra
Marmik_11.jpg,Marmik
Charlize Theron_75.jpg,Charlize Theron
Elizabeth Olsen_45.jpg,Elizabeth Olsen
Ellen Degeneres_27.jpg,Ellen Degeneres
Natalie Portman_53.jpg,Natalie Portman
Courtney Cox_42.jpg,Courtney Cox
Anushka Sharma_2.jpg,Anushka Sharma
Akshay Kumar_26.jpg,Akshay Kumar
Camila Cabello_19.jpg,Camila Cabello
Akshay Kumar_40.jpg,Akshay Kumar
Virat Kohli_0.jpg,Virat Kohli
Billie Eilish_71.jpg,Billie Eilish
Claire Holt_83.jpg,Claire Holt
Marmik_28.jpg,Marmik
Natalie Portman_39.jpg,Natalie Portman
Billie Eilish_83.jpg,Billie Eilish
Lisa Kudrow_33.jpg,Lisa Kudrow
Zac Efron_4.jpg,Zac Efron
Amitabh Bachchan_30.jpg,Amitabh Bachchan
Charlize Theron_30.jpg,Charlize Theron
Hrithik Roshan_82.jpg,Hrithik Roshan
Alia Bhatt_2.jpg,Alia Bhatt
Lisa Kudrow_16.jpg,Lisa Kudrow
Brad Pitt_56.jpg,Brad Pitt
Virat Kohli_4.jpg,Virat Kohli
Hrithik Roshan_25.jpg,Hrithik Roshan
Brad Pitt_112.jpg,Brad Pitt
Margot Robbie_18.jpg,Margot Robbie
Margot Robbie_70.jpg,Margot Robbie
Robert Downey Jr_103.jpg,Robert Downey Jr
Alexandra Daddario_79.jpg,Alexandra Daddario
Zac Efron_72.jpg,Zac Efron
Priyanka Chopra_51.jpg,Priyanka Chopra
Courtney Cox_50.jpg,Courtney Cox
Alia Bhatt_52.jpg,Alia Bhatt
Elizabeth Olsen_67.jpg,Elizabeth Olsen
Courtney Cox_61.jpg,Courtney Cox
Camila Cabello_32.jpg,Camila Cabello
Brad Pitt_39.jpg,Brad Pitt
Alia Bhatt_43.jpg,Alia Bhatt
Andy Samberg_14.jpg,Andy Samberg
Dwayne Johnson_50.jpg,Dwayne Johnson
Vijay Deverakonda_92.jpg,Vijay Deverakonda
Virat Kohli_40.jpg,Virat Kohli
Dwayne Johnson_59.jpg,Dwayne Johnson
Roger Federer_39.jpg,Roger Federer
Henry Cavill_23.jpg,Henry Cavill
Akshay Kumar_23.jpg,Akshay Kumar
Zac Efron_75.jpg,Zac Efron
Billie Eilish_91.jpg,Billie Eilish
Brad Pitt_86.jpg,Brad Pitt
Vijay Deverakonda_10.jpg,Vijay Deverakonda
Vijay Deverakonda_24.jpg,Vijay Deverakonda
Hugh Jackman_67.jpg,Hugh Jackman
Courtney Cox_31.jpg,Courtney Cox
Charlize Theron_42.jpg,Charlize Theron
Amitabh Bachchan_12.jpg,Amitabh Bachchan
Robert Downey Jr_111.jpg,Robert Downey Jr
Margot Robbie_55.jpg,Margot Robbie
Zac Efron_62.jpg,Zac Efron
Tom Cruise_34.jpg,Tom Cruise
Robert Downey Jr_20.jpg,Robert Downey Jr
Lisa Kudrow_22.jpg,Lisa Kudrow
Dwayne Johnson_37.jpg,Dwayne Johnson
Billie Eilish_21.jpg,Billie Eilish
Courtney Cox_27.jpg,Courtney Cox
Zac Efron_71.jpg,Zac Efron
Brad Pitt_69.jpg,Brad Pitt
Vijay Deverakonda_58.jpg,Vijay Deverakonda
Ellen Degeneres_74.jpg,Ellen Degeneres
Ellen Degeneres_2.jpg,Ellen Degeneres
Hrithik Roshan_88.jpg,Hrithik Roshan
Vijay Deverakonda_108.jpg,Vijay Deverakonda
Hugh Jackman_88.jpg,Hugh Jackman
Zac Efron_31.jpg,Zac Efron
Henry Cavill_75.jpg,Henry Cavill
Virat Kohli_34.jpg,Virat Kohli
Jessica Alba_59.jpg,Jessica Alba
Alia Bhatt_25.jpg,Alia Bhatt
Lisa Kudrow_32.jpg,Lisa Kudrow
Courtney Cox_29.jpg,Courtney Cox
Zac Efron_27.jpg,Zac Efron
Claire Holt_44.jpg,Claire Holt
Natalie Portman_65.jpg,Natalie Portman
Natalie Portman_33.jpg,Natalie Portman
Roger Federer_34.jpg,Roger Federer
Alexandra Daddario_52.jpg,Alexandra Daddario
Vijay Deverakonda_98.jpg,Vijay Deverakonda
Amitabh Bachchan_38.jpg,Amitabh Bachchan
Alexandra Daddario_57.jpg,Alexandra Daddario
Hugh Jackman_13.jpg,Hugh Jackman
Hugh Jackman_111.jpg,Hugh Jackman
Kashyap_0.jpg,Kashyap
Brad Pitt_20.jpg,Brad Pitt
Brad Pitt_58.jpg,Brad Pitt
Lisa Kudrow_25.jpg,Lisa Kudrow
Robert Downey Jr_35.jpg,Robert Downey Jr
Roger Federer_33.jpg,Roger Federer
Anushka Sharma_23.jpg,Anushka Sharma
Ellen Degeneres_16.jpg,Ellen Degeneres
Tom Cruise_14.jpg,Tom Cruise
Lisa Kudrow_12.jpg,Lisa Kudrow
Priyanka Chopra_97.jpg,Priyanka Chopra
Zac Efron_76.jpg,Zac Efron
Anushka Sharma_7.jpg,Anushka Sharma
Tom Cruise_56.jpg,Tom Cruise
Hrithik Roshan_0.jpg,Hrithik Roshan
Priyanka Chopra_90.jpg,Priyanka Chopra
Claire Holt_47.jpg,Claire Holt
Zac Efron_29.jpg,Zac Efron
Brad Pitt_54.jpg,Brad Pitt
Vijay Deverakonda_52.jpg,Vijay Deverakonda
Margot Robbie_44.jpg,Margot Robbie
Amitabh Bachchan_46.jpg,Amitabh Bachchan
Jessica Alba_87.jpg,Jessica Alba
Hugh Jackman_107.jpg,Hugh Jackman
Roger Federer_32.jpg,Roger Federer
Priyanka Chopra_18.jpg,Priyanka Chopra
Margot Robbie_58.jpg,Margot Robbie
Brad Pitt_7.jpg,Brad Pitt
Virat Kohli_1.jpg,Virat Kohli
Priyanka Chopra_10.jpg,Priyanka Chopra
Billie Eilish_39.jpg,Billie Eilish
Marmik_3.jpg,Marmik
Lisa Kudrow_6.jpg,Lisa Kudrow
Alia Bhatt_12.jpg,Alia Bhatt
Hugh Jackman_94.jpg,Hugh Jackman
Priyanka Chopra_33.jpg,Priyanka Chopra
Hrithik Roshan_46.jpg,Hrithik Roshan
Zac Efron_43.jpg,Zac Efron
Brad Pitt_87.jpg,Brad Pitt
Margot Robbie_50.jpg,Margot Robbie
Alia Bhatt_49.jpg,Alia Bhatt
Ellen Degeneres_1.jpg,Ellen Degeneres
Brad Pitt_40.jpg,Brad Pitt
Roger Federer_26.jpg,Roger Federer
Natalie Portman_75.jpg,Natalie Portman
Alia Bhatt_59.jpg,Alia Bhatt
Vijay Deverakonda_13.jpg,Vijay Deverakonda
Amitabh Bachchan_8.jpg,Amitabh Bachchan
Charlize Theron_14.jpg,Charlize Theron
Anushka Sharma_20.jpg,Anushka Sharma
Alexandra Daddario_74.jpg,Alexandra Daddario
Alia Bhatt_63.jpg,Alia Bhatt
Charlize Theron_77.jpg,Charlize Theron
Tom Cruise_5.jpg,Tom Cruise
Hugh Jackman_108.jpg,Hugh Jackman
Lisa Kudrow_59.jpg,Lisa Kudrow
Lisa Kudrow_24.jpg,Lisa Kudrow
Lisa Kudrow_35.jpg,Lisa Kudrow
Zac Efron_25.jpg,Zac Efron
Ellen Degeneres_15.jpg,Ellen Degeneres
Kashyap_20.jpg,Kashyap
Margot Robbie_19.jpg,Margot Robbie
Claire Holt_23.jpg,Claire Holt
Jessica Alba_46.jpg,Jessica Alba
Tom Cruise_25.jpg,Tom Cruise
Brad Pitt_70.jpg,Brad Pitt
Akshay Kumar_1.jpg,Akshay Kumar
Robert Downey Jr_89.jpg,Robert Downey Jr
Camila Cabello_31.jpg,Camila Cabello
Jessica Alba_89.jpg,Jessica Alba
Henry Cavill_67.jpg,Henry Cavill
Virat Kohli_27.jpg,Virat Kohli
Hugh Jackman_81.jpg,Hugh Jackman
Natalie Portman_1.jpg,Natalie Portman
Elizabeth Olsen_64.jpg,Elizabeth Olsen
Zac Efron_13.jpg,Zac Efron
Jessica Alba_84.jpg,Jessica Alba
Priyanka Chopra_44.jpg,Priyanka Chopra
Brad Pitt_90.jpg,Brad Pitt
Camila Cabello_18.jpg,Camila Cabello
Henry Cavill_36.jpg,Henry Cavill
Andy Samberg_29.jpg,Andy Samberg
Brad Pitt_77.jpg,Brad Pitt
Hugh Jackman_103.jpg,Hugh Jackman
Hugh Jackman_44.jpg,Hugh Jackman
Camila Cabello_41.jpg,Camila Cabello
Henry Cavill_59.jpg,Henry Cavill
Margot Robbie_27.jpg,Margot Robbie
Courtney Cox_43.jpg,Courtney Cox
Henry Cavill_80.jpg,Henry Cavill
Hrithik Roshan_74.jpg,Hrithik Roshan
Hrithik Roshan_81.jpg,Hrithik Roshan
Roger Federer_68.jpg,Roger Federer
Hugh Jackman_6.jpg,Hugh Jackman
Priyanka Chopra_80.jpg,Priyanka Chopra
Hugh Jackman_9.jpg,Hugh Jackman
Kashyap_22.jpg,Kashyap
Hrithik Roshan_32.jpg,Hrithik Roshan
Zac Efron_34.jpg,Zac Efron
Zac Efron_5.jpg,Zac Efron
Jessica Alba_95.jpg,Jessica Alba
Dwayne Johnson_42.jpg,Dwayne Johnson
Charlize Theron_40.jpg,Charlize Theron
Jessica Alba_53.jpg,Jessica Alba
Margot Robbie_9.jpg,Margot Robbie
Lisa Kudrow_49.jpg,Lisa Kudrow
Ellen Degeneres_42.jpg,Ellen Degeneres
Dwayne Johnson_5.jpg,Dwayne Johnson
Billie Eilish_86.jpg,Billie Eilish
Lisa Kudrow_0.jpg,Lisa Kudrow
Virat Kohli_6.jpg,Virat Kohli
Margot Robbie_17.jpg,Margot Robbie
Natalie Portman_69.jpg,Natalie Portman
Alexandra Daddario_5.jpg,Alexandra Daddario
Dwayne Johnson_14.jpg,Dwayne Johnson
Brad Pitt_107.jpg,Brad Pitt
Claire Holt_31.jpg,Claire Holt
Hugh Jackman_49.jpg,Hugh Jackman
Natalie Portman_30.jpg,Natalie Portman
Dwayne Johnson_30.jpg,Dwayne Johnson
Alia Bhatt_67.jpg,Alia Bhatt
Anushka Sharma_13.jpg,Anushka Sharma
Claire Holt_38.jpg,Claire Holt
Anushka Sharma_18.jpg,Anushka Sharma
Virat Kohli_44.jpg,Virat Kohli
Dwayne Johnson_21.jpg,Dwayne Johnson
Hugh Jackman_5.jpg,Hugh Jackman
Courtney Cox_32.jpg,Courtney Cox
Jessica Alba_29.jpg,Jessica Alba
Natalie Portman_43.jpg,Natalie Portman
Robert Downey Jr_76.jpg,Robert Downey Jr
Charlize Theron_49.jpg,Charlize Theron
Margot Robbie_11.jpg,Margot Robbie
Virat Kohli_38.jpg,Virat Kohli
Billie Eilish_51.jpg,Billie Eilish
Charlize Theron_26.jpg,Charlize Theron
Natalie Portman_14.jpg,Natalie Portman
Alia Bhatt_61.jpg,Alia Bhatt
Roger Federer_18.jpg,Roger Federer
Robert Downey Jr_23.jpg,Robert Downey Jr
Tom Cruise_35.jpg,Tom Cruise
Margot Robbie_52.jpg,Margot Robbie
Andy Samberg_84.jpg,Andy Samberg
Vijay Deverakonda_21.jpg,Vijay Deverakonda
Anushka Sharma_37.jpg,Anushka Sharma
Lisa Kudrow_27.jpg,Lisa Kudrow
Anushka Sharma_12.jpg,Anushka Sharma
Hugh Jackman_83.jpg,Hugh Jackman
Ellen Degeneres_23.jpg,Ellen Degeneres
Hugh Jackman_59.jpg,Hugh Jackman
Priyanka Chopra_70.jpg,Priyanka Chopra
Ellen Degeneres_14.jpg,Ellen Degeneres
Hrithik Roshan_44.jpg,Hrithik Roshan
Alexandra Daddario_21.jpg,Alexandra Daddario
Robert Downey Jr_100.jpg,Robert Downey Jr
Ellen Degeneres_4.jpg,Ellen Degeneres
Billie Eilish_42.jpg,Billie Eilish
Andy Samberg_85.jpg,Andy Samberg
Roger Federer_66.jpg,Roger Federer
Charlize Theron_11.jpg,Charlize Theron
Tom Cruise_22.jpg,Tom Cruise
Charlize Theron_37.jpg,Charlize Theron
Elizabeth Olsen_1.jpg,Elizabeth Olsen
Claire Holt_45.jpg,Claire Holt
Andy Samberg_47.jpg,Andy Samberg
Vijay Deverakonda_28.jpg,Vijay Deverakonda
Dwayne Johnson_10.jpg,Dwayne Johnson
Henry Cavill_52.jpg,Henry Cavill
Billie Eilish_0.jpg,Billie Eilish
Charlize Theron_59.jpg,Charlize Theron
Vijay Deverakonda_107.jpg,Vijay Deverakonda
Courtney Cox_64.jpg,Courtney Cox
Priyanka Chopra_29.jpg,Priyanka Chopra
Alia Bhatt_62.jpg,Alia Bhatt
Alia Bhatt_26.jpg,Alia Bhatt
Jessica Alba_37.jpg,Jessica Alba
Virat Kohli_33.jpg,Virat Kohli
Camila Cabello_35.jpg,Camila Cabello
Hugh Jackman_63.jpg,Hugh Jackman
Elizabeth Olsen_58.jpg,Elizabeth Olsen
Dwayne Johnson_15.jpg,Dwayne Johnson
Jessica Alba_42.jpg,Jessica Alba
Natalie Portman_98.jpg,Natalie Portman
Tom Cruise_12.jpg,Tom Cruise
Akshay Kumar_4.jpg,Akshay Kumar
Charlize Theron_22.jpg,Charlize Theron
Hugh Jackman_43.jpg,Hugh Jackman
Hrithik Roshan_65.jpg,Hrithik Roshan
Robert Downey Jr_7.jpg,Robert Downey Jr
Hrithik Roshan_40.jpg,Hrithik Roshan
Priyanka Chopra_83.jpg,Priyanka Chopra
Amitabh Bachchan_27.jpg,Amitabh Bachchan
Robert Downey Jr_10.jpg,Robert Downey Jr
Vijay Deverakonda_46.jpg,Vijay Deverakonda
Brad Pitt_33.jpg,Brad Pitt
Virat Kohli_20.jpg,Virat Kohli
Henry Cavill_72.jpg,Henry Cavill
Roger Federer_47.jpg,Roger Federer
Robert Downey Jr_106.jpg,Robert Downey Jr
Brad Pitt_75.jpg,Brad Pitt
Hugh Jackman_89.jpg,Hugh Jackman
Henry Cavill_45.jpg,Henry Cavill
Natalie Portman_47.jpg,Natalie Portman
Brad Pitt_106.jpg,Brad Pitt
Alia Bhatt_51.jpg,Alia Bhatt
Margot Robbie_61.jpg,Margot Robbie
Courtney Cox_46.jpg,Courtney Cox
Priyanka Chopra_89.jpg,Priyanka Chopra
Elizabeth Olsen_15.jpg,Elizabeth Olsen
Billie Eilish_26.jpg,Billie Eilish
Camila Cabello_76.jpg,Camila Cabello
Tom Cruise_55.jpg,Tom Cruise
Akshay Kumar_28.jpg,Akshay Kumar
Billie Eilish_12.jpg,Billie Eilish
Ellen Degeneres_43.jpg,Ellen Degeneres
Vijay Deverakonda_113.jpg,Vijay Deverakonda
Courtney Cox_28.jpg,Courtney Cox
Ellen Degeneres_71.jpg,Ellen Degeneres
Virat Kohli_19.jpg,Virat Kohli
Hugh Jackman_77.jpg,Hugh Jackman
Vijay Deverakonda_71.jpg,Vijay Deverakonda
Charlize Theron_17.jpg,Charlize Theron
Lisa Kudrow_15.jpg,Lisa Kudrow
Alexandra Daddario_81.jpg,Alexandra Daddario
Robert Downey Jr_66.jpg,Robert Downey Jr
Hugh Jackman_47.jpg,Hugh Jackman
Andy Samberg_40.jpg,Andy Samberg
Henry Cavill_19.jpg,Henry Cavill
Billie Eilish_19.jpg,Billie Eilish
Robert Downey Jr_97.jpg,Robert Downey Jr
Jessica Alba_90.jpg,Jessica Alba
Elizabeth Olsen_27.jpg,Elizabeth Olsen
Elizabeth Olsen_59.jpg,Elizabeth Olsen
Henry Cavill_7.jpg,Henry Cavill
Claire Holt_29.jpg,Claire Holt
